name,team,pos,age,GP,GS,MPG,PTS,REB,OREB,DREB,AST,STL,BLK,TOV,FGM,FGA,FG%,3PM,3PA,3P%,FTM,FTA,FT%
A.J. Green,MIL,SG,25,73,7,22.7,7.4,2.4,0.2,2.1,1.5,0.5,0.1,0.5,2.5,5.8,0.429,2.1,5.0,0.427,0.3,0.4,0.815
A.J. Lawson,TOR,SG,24,26,2,18.7,9.1,3.3,0.8,2.5,1.2,0.5,0.2,0.6,3.1,7.3,0.421,1.3,3.9,0.327,1.7,2.4,0.683
AJ Johnson,2TM,SG,20,29,11,22.0,7.6,2.0,0.3,1.8,2.6,0.4,0.1,1.2,2.8,7.3,0.385,0.8,3.1,0.267,1.1,1.3,0.865
Aaron Gordon,DEN,PF,29,51,42,28.4,14.7,4.8,1.6,3.3,3.2,0.5,0.3,1.4,5.2,9.7,0.531,1.5,3.4,0.436,2.8,3.5,0.81
Aaron Holiday,HOU,PG,28,62,3,12.8,5.5,1.3,0.2,1.0,1.3,0.3,0.2,0.6,1.9,4.3,0.437,1.2,2.9,0.398,0.5,0.7,0.829
Aaron Nesmith,IND,SF,25,45,37,24.9,12.0,4.0,0.8,3.1,1.2,0.8,0.4,0.8,4.3,8.4,0.507,1.9,4.3,0.431,1.6,1.8,0.913
Aaron Wiggins,OKC,SG,26,76,26,22.9,12.0,3.9,1.1,2.8,1.8,0.8,0.2,0.9,4.7,9.6,0.488,1.7,4.5,0.383,1.0,1.2,0.831
Adam Flagler,OKC,SG,25,37,0,5.5,1.8,0.7,0.2,0.5,0.3,0.2,0.1,0.1,0.7,2.6,0.26,0.4,1.9,0.194,0.0,0.1,0.5
Adama Sanogo,CHI,C,22,4,0,5.3,2.0,1.5,1.3,0.3,0.3,0.0,0.0,0.3,1.0,1.8,0.571,0.0,0.0,,0.0,0.0,
Adem Bona,PHI,C,21,58,11,15.6,5.8,4.2,1.6,2.6,0.5,0.4,1.2,1.1,2.3,3.3,0.703,0.0,0.0,0.0,1.2,1.7,0.67
Ajay Mitchell,OKC,SG,22,36,1,16.6,6.5,1.9,0.5,1.4,1.8,0.7,0.1,0.8,2.5,5.1,0.495,0.6,1.7,0.383,0.8,1.0,0.829
Al Horford,BOS,C,38,60,42,27.7,9.0,6.2,1.3,4.8,2.1,0.6,0.9,0.8,3.3,7.7,0.423,1.9,5.2,0.363,0.6,0.6,0.895
Alec Burks,MIA,SG,33,49,14,17.6,7.3,2.5,0.3,2.2,1.1,0.6,0.1,0.6,2.3,5.5,0.424,1.8,4.2,0.425,0.8,1.0,0.776
Alex Caruso,OKC,SG,30,54,3,19.3,7.1,2.9,0.7,2.2,2.5,1.6,0.6,0.7,2.6,5.8,0.446,1.1,3.1,0.353,0.8,0.9,0.824
Alex Ducas,OKC,SG,24,21,0,6.0,1.7,1.2,0.4,0.8,0.2,0.2,0.0,0.2,0.6,1.4,0.4,0.5,1.0,0.476,0.1,0.1,1.0
Alex Len,2TM,C,31,46,7,8.3,1.6,2.1,0.8,1.2,0.8,0.2,0.5,0.4,0.7,1.4,0.508,0.0,0.2,0.222,0.2,0.4,0.471
Alex Reese,2TM,PF,25,15,0,14.4,5.1,3.1,0.6,2.5,0.3,0.7,0.7,0.4,1.7,3.6,0.481,1.0,2.7,0.366,0.6,0.8,0.75
Alex Sarr,WAS,C,19,67,67,27.1,13.0,6.5,1.9,4.6,2.4,0.7,1.5,1.7,4.9,12.4,0.394,1.6,5.1,0.308,1.7,2.5,0.679
Alondes Williams,DET,SG,25,1,0,4.0,5.0,0.0,0.0,0.0,1.0,0.0,0.0,0.0,2.0,2.0,1.0,1.0,1.0,1.0,0.0,0.0,
Alperen Şengün,HOU,C,22,76,76,31.5,19.1,10.3,3.4,6.9,4.9,1.1,0.8,2.6,7.5,15.0,0.496,0.3,1.2,0.233,3.9,5.6,0.692
Amen Thompson,HOU,SF,22,69,42,32.2,14.1,8.2,2.8,5.4,3.8,1.4,1.3,2.0,5.6,10.1,0.557,0.4,1.3,0.275,2.4,3.6,0.684
Amir Coffey,LAC,SG,27,72,13,24.3,9.7,2.2,0.4,1.8,1.1,0.6,0.1,0.6,3.3,7.1,0.471,1.4,3.4,0.409,1.6,1.8,0.891
Andre Drummond,PHI,C,31,40,23,18.8,7.3,7.8,2.7,5.0,0.9,1.0,0.5,1.4,2.9,5.9,0.5,0.1,0.5,0.15,1.4,2.3,0.622
Andre Jackson Jr.,MIL,SG,23,67,43,14.6,3.4,2.7,1.0,1.7,1.2,0.5,0.2,0.9,1.4,2.9,0.477,0.4,1.1,0.395,0.2,0.4,0.5
Andrew Nembhard,IND,SG,25,65,65,28.9,10.0,3.3,0.5,2.8,5.0,1.2,0.2,1.7,3.8,8.3,0.458,0.8,2.7,0.291,1.7,2.1,0.794
Andrew Wiggins,2TM,SF,29,60,60,30.7,18.0,4.5,1.5,3.0,2.6,1.0,0.8,1.7,6.3,14.0,0.448,2.2,5.8,0.374,3.3,4.3,0.763
Anfernee Simons,POR,SG,25,70,70,32.7,19.3,2.7,0.4,2.3,4.8,0.9,0.1,2.0,6.8,16.1,0.426,3.1,8.5,0.363,2.5,2.8,0.902
Anthony Black,ORL,PG,21,78,10,24.2,9.4,2.9,0.7,2.3,3.1,1.1,0.6,1.8,3.4,7.9,0.423,0.8,2.5,0.318,1.9,2.5,0.761
Anthony Davis,2TM,C,31,51,51,33.5,24.7,11.6,2.6,8.9,3.5,1.2,2.2,2.2,9.2,17.8,0.516,0.7,2.4,0.282,5.6,7.2,0.775
Anthony Edwards,MIN,SG,23,79,79,36.3,27.6,5.7,0.8,4.9,4.5,1.2,0.6,3.2,9.1,20.4,0.447,4.1,10.3,0.395,5.3,6.3,0.837
Anthony Gill,WAS,PF,32,51,0,7.8,2.5,1.3,0.4,0.9,0.3,0.2,0.0,0.2,0.8,1.7,0.489,0.2,0.6,0.323,0.6,1.0,0.66
Anton Watson,NYK,SF,24,9,0,2.4,0.9,0.3,0.1,0.2,0.2,0.1,0.0,0.2,0.4,1.0,0.444,0.0,0.1,0.0,0.0,0.0,
Antonio Reeves,NOP,SG,24,44,6,15.0,6.9,1.4,0.4,1.0,0.9,0.5,0.1,0.7,2.6,5.6,0.456,1.2,2.9,0.395,0.6,0.8,0.8
Ariel Hukporti,NYK,C,22,25,1,8.7,1.9,2.0,0.6,1.5,0.4,0.0,0.6,0.8,0.8,1.2,0.677,0.0,0.0,,0.2,0.5,0.462
Armel Traoré,LAL,SF,22,9,0,7.4,1.6,1.7,0.2,1.4,0.1,0.4,0.2,0.3,0.7,2.1,0.316,0.0,0.8,0.0,0.2,0.8,0.286
Ausar Thompson,DET,SF,22,59,48,22.5,10.1,5.1,1.9,3.3,2.3,1.7,0.7,1.4,4.2,7.8,0.535,0.2,0.8,0.224,1.5,2.4,0.641
Austin Reaves,LAL,SG,26,73,73,34.9,20.2,4.5,0.8,3.7,5.8,1.1,0.3,2.4,6.5,14.2,0.46,2.7,7.3,0.377,4.4,5.0,0.877
Ayo Dosunmu,CHI,SG,25,46,26,30.3,12.3,3.5,0.6,2.9,4.5,0.9,0.4,1.5,4.8,9.8,0.492,1.3,4.1,0.328,1.3,1.7,0.785
Bam Adebayo,MIA,C,27,78,78,34.3,18.1,9.6,2.4,7.2,4.3,1.3,0.7,2.1,6.9,14.3,0.485,1.0,2.8,0.357,3.2,4.2,0.765
Baylor Scheierman,BOS,SG,24,31,2,12.4,3.6,2.1,0.6,1.5,1.1,0.5,0.1,0.4,1.3,3.5,0.355,0.8,2.6,0.317,0.3,0.4,0.75
Ben Sheppard,IND,SG,23,63,9,19.5,5.3,2.8,0.7,2.1,1.3,0.6,0.2,0.3,1.9,4.6,0.418,1.1,3.2,0.342,0.4,0.4,0.889
Ben Simmons,2TM,PG,28,51,24,22.0,5.0,4.7,0.9,3.8,5.6,0.7,0.5,2.0,2.3,4.4,0.52,0.0,0.0,,0.5,0.6,0.727
Bennedict Mathurin,IND,SF,22,72,49,29.8,16.1,5.3,1.2,4.1,1.9,0.7,0.3,1.9,5.4,11.8,0.458,1.4,4.0,0.34,3.8,4.6,0.831
Bilal Coulibaly,WAS,SF,20,59,59,33.0,12.3,5.0,1.5,3.4,3.4,1.3,0.7,2.1,4.5,10.6,0.421,1.1,3.8,0.281,2.3,3.1,0.746
Bismack Biyombo,SAS,C,32,28,26,18.9,5.1,5.6,1.5,4.1,1.1,0.6,0.8,1.0,2.4,4.1,0.588,0.0,0.0,,0.4,0.9,0.4
Blake Wesley,SAS,SG,21,58,0,11.8,3.7,1.1,0.3,0.8,2.0,0.6,0.1,0.9,1.4,3.2,0.435,0.3,1.0,0.293,0.7,1.1,0.623
Bobby Portis,MIL,PF,29,49,7,25.4,13.9,8.4,1.8,6.6,2.1,0.7,0.5,1.2,5.7,12.1,0.466,1.3,3.6,0.365,1.2,1.5,0.836
Bobi Klintman,DET,SF,21,8,0,5.3,1.9,0.9,0.1,0.8,0.9,0.3,0.1,0.1,0.8,1.3,0.6,0.3,0.6,0.4,0.1,0.3,0.5
Bogdan Bogdanović,2TM,SG,32,54,4,25.0,10.8,2.9,0.4,2.5,2.7,0.8,0.2,1.4,3.9,9.1,0.427,1.9,5.4,0.363,1.1,1.2,0.879
Bol Bol,PHO,PF,25,36,10,12.4,6.8,2.9,0.6,2.3,0.6,0.3,0.7,0.6,2.7,5.1,0.525,0.9,2.6,0.344,0.6,0.7,0.769
Bones Hyland,2TM,PG,24,24,0,10.0,6.2,1.0,0.2,0.8,1.3,0.8,0.2,1.0,2.0,4.9,0.398,1.3,3.4,0.39,1.0,1.1,0.885
Bradley Beal,PHO,SG,31,53,38,32.1,17.0,3.3,0.6,2.7,3.7,1.1,0.5,1.9,6.5,13.1,0.497,1.9,5.0,0.386,2.1,2.6,0.803
Branden Carlson,OKC,C,25,32,0,7.7,3.8,1.7,0.5,1.2,0.4,0.2,0.7,0.2,1.3,3.0,0.443,0.7,2.1,0.333,0.4,0.6,0.778
Brandin Podziemski,GSW,SG,21,64,33,26.8,11.7,5.1,1.0,4.1,3.4,1.1,0.2,1.2,4.4,9.8,0.445,1.8,4.8,0.372,1.1,1.5,0.758
Brandon Boston Jr.,NOP,SG,23,42,10,23.6,10.7,3.2,0.7,2.5,2.2,1.3,0.2,1.2,4.0,9.1,0.436,1.2,3.3,0.35,1.6,2.0,0.788
Brandon Clarke,MEM,PF,28,64,18,18.9,8.3,5.1,2.0,3.1,1.0,0.8,0.6,0.6,3.7,5.9,0.621,0.0,0.3,0.059,1.0,1.4,0.701
Brandon Ingram,NOP,SF,27,18,18,33.1,22.2,5.6,0.9,4.6,5.2,0.9,0.6,3.8,8.6,18.5,0.465,2.4,6.4,0.374,2.6,3.1,0.855
Brandon Miller,CHO,SF,22,27,27,34.2,21.0,4.9,0.9,3.9,3.6,1.1,0.7,2.8,7.3,18.2,0.403,3.9,10.9,0.355,2.5,2.9,0.861
Brandon Williams,DAL,PG,25,33,3,14.8,8.3,1.8,0.4,1.4,2.3,0.7,0.2,1.2,3.0,5.7,0.521,0.7,1.8,0.4,1.7,2.0,0.833
Braxton Key,GSW,SF,27,3,0,3.7,1.0,0.7,0.3,0.3,0.0,0.7,0.0,0.3,0.0,1.3,0.0,0.0,0.3,0.0,1.0,2.0,0.5
Brice Sensabaugh,UTA,SF,21,71,15,20.2,10.9,3.0,0.6,2.4,1.5,0.6,0.1,1.5,3.9,8.4,0.459,2.2,5.2,0.422,0.9,1.0,0.89
Bronny James,LAL,SG,20,27,1,6.7,2.3,0.7,0.1,0.5,0.8,0.3,0.1,0.5,0.8,2.5,0.313,0.3,1.2,0.281,0.4,0.5,0.786
Brook Lopez,MIL,C,36,80,80,31.8,13.0,5.0,1.4,3.6,1.8,0.6,1.9,1.1,4.9,9.7,0.509,1.7,4.7,0.373,1.4,1.7,0.826
Bruce Brown,2TM,PG,28,41,12,22.5,8.3,4.0,1.0,3.0,2.0,0.8,0.2,1.0,3.2,7.5,0.421,0.7,2.0,0.333,1.3,1.6,0.815
Bruno Fernando,TOR,C,26,17,2,8.6,3.4,3.0,1.2,1.8,1.1,0.2,0.5,0.8,1.5,2.9,0.531,0.0,0.0,,0.4,0.5,0.75
Bryce McGowens,POR,SG,22,13,0,2.5,1.0,0.2,0.2,0.1,0.2,0.1,0.0,0.3,0.3,1.1,0.286,0.0,0.3,0.0,0.4,0.5,0.833
Bub Carrington,WAS,PG,19,82,57,30.0,9.8,4.2,0.4,3.8,4.4,0.7,0.3,1.7,3.7,9.1,0.401,1.7,5.0,0.339,0.8,1.0,0.812
Buddy Hield,GSW,SG,32,82,22,22.7,11.1,3.2,0.6,2.6,1.6,0.8,0.3,1.1,4.0,9.6,0.417,2.5,6.7,0.37,0.6,0.8,0.828
CJ McCollum,NOP,PG,33,56,56,32.7,21.1,3.8,0.8,3.0,4.1,0.8,0.4,1.9,7.9,17.9,0.444,3.1,8.2,0.373,2.2,3.1,0.717
Cade Cunningham,DET,PG,23,70,70,35.0,26.1,6.1,0.8,5.3,9.1,1.0,0.8,4.4,9.8,20.8,0.469,2.1,6.0,0.356,4.5,5.3,0.846
Caleb Houstan,ORL,SF,22,58,6,13.6,4.1,1.3,0.3,1.0,0.6,0.4,0.1,0.2,1.4,3.3,0.421,1.1,2.8,0.4,0.3,0.3,0.882
Caleb Martin,2TM,SF,29,45,24,27.1,7.9,3.9,1.2,2.8,2.1,1.0,0.5,1.2,2.9,6.8,0.424,0.8,2.3,0.359,1.4,2.2,0.622
Cam Christie,LAC,SG,19,13,0,4.5,1.4,0.9,0.2,0.7,0.5,0.4,0.1,0.2,0.5,1.8,0.292,0.2,1.0,0.154,0.2,0.3,0.5
Cam Reddish,LAL,SF,25,33,8,17.8,3.2,2.0,0.5,1.5,0.7,1.0,0.3,0.4,1.2,2.8,0.404,0.4,1.4,0.277,0.5,0.8,0.615
Cam Spencer,MEM,SG,24,25,1,10.1,4.2,1.2,0.5,0.7,1.4,0.4,0.0,0.2,1.4,3.3,0.415,0.8,2.1,0.365,0.8,0.8,1.0
Cam Thomas,BRK,SG,23,25,23,31.2,24.0,3.3,0.6,2.7,3.8,0.6,0.1,2.5,8.0,18.2,0.438,2.7,7.8,0.349,5.3,6.0,0.881
Cam Whitmore,HOU,SF,20,51,3,16.2,9.4,3.0,0.7,2.3,1.0,0.6,0.3,0.9,3.5,7.9,0.444,1.3,3.6,0.355,1.1,1.4,0.75
Cameron Johnson,BRK,PF,28,57,57,31.6,18.8,4.3,0.9,3.4,3.4,0.9,0.4,1.7,6.2,13.1,0.475,2.8,7.2,0.39,3.5,3.9,0.893
Cameron Payne,NYK,PG,30,72,5,15.1,6.9,1.4,0.2,1.3,2.8,0.5,0.2,0.7,2.5,6.2,0.401,1.3,3.6,0.363,0.7,0.8,0.907
Caris LeVert,2TM,SG,30,64,3,24.9,12.1,3.2,0.6,2.5,3.4,0.9,0.5,1.2,4.4,9.4,0.467,1.7,4.4,0.373,1.7,2.4,0.71
Cason Wallace,OKC,SG,21,68,43,27.6,8.4,3.4,1.0,2.3,2.5,1.8,0.5,0.9,3.4,7.2,0.474,1.1,3.1,0.356,0.4,0.5,0.811
Charles Bassey,SAS,C,24,36,1,10.4,4.4,4.2,1.6,2.7,0.5,0.4,0.8,0.6,1.9,3.3,0.581,0.0,0.0,,0.6,0.9,0.636
Chet Holmgren,OKC,C,22,32,32,27.4,15.0,8.0,1.5,6.5,2.0,0.7,2.2,1.8,5.2,10.7,0.49,1.4,3.6,0.379,3.2,4.2,0.754
Chris Boucher,TOR,PF,32,50,0,17.2,10.0,4.5,1.4,3.1,0.7,0.5,0.5,0.6,3.6,7.4,0.492,1.4,3.9,0.363,1.4,1.7,0.782
Chris Duarte,CHI,SG,27,17,0,4.4,2.1,1.2,0.3,0.9,0.5,0.0,0.0,0.1,0.7,1.5,0.462,0.4,0.9,0.4,0.4,0.5,0.75
Chris Livingston,MIL,SF,21,21,1,5.0,1.4,1.7,0.5,1.2,0.2,0.2,0.0,0.3,0.4,1.3,0.333,0.0,0.4,0.0,0.6,0.8,0.75
Chris Paul,SAS,PG,39,82,82,28.0,8.8,3.6,0.4,3.2,7.4,1.3,0.3,1.6,3.0,7.1,0.427,1.7,4.5,0.377,1.0,1.1,0.924
Christian Braun,DEN,SG,23,79,77,33.9,15.4,5.2,1.2,3.9,2.6,1.1,0.5,1.0,6.0,10.4,0.58,1.1,2.8,0.397,2.2,2.7,0.827
Christian Koloko,LAL,C,24,37,0,9.2,2.4,2.5,0.9,1.5,0.4,0.2,0.4,0.3,1.1,1.8,0.606,0.0,0.1,0.0,0.3,0.4,0.714
Chuma Okeke,2TM,PF,26,9,3,21.8,5.9,5.2,2.3,2.9,1.7,0.6,0.4,0.3,2.2,4.4,0.5,1.2,3.1,0.393,0.2,0.3,0.667
Clint Capela,ATL,C,30,55,41,21.4,8.9,8.5,3.2,5.4,1.1,0.6,1.0,0.9,4.0,7.1,0.559,0.0,0.0,0.0,0.9,1.8,0.536
Coby White,CHI,SG,24,74,73,33.1,20.4,3.7,0.3,3.4,4.5,0.9,0.2,2.4,6.9,15.1,0.453,2.9,7.9,0.37,3.7,4.1,0.902
Cody Martin,2TM,SF,29,53,8,22.1,6.8,4.2,1.0,3.2,2.0,1.1,0.6,1.0,2.6,6.1,0.418,0.8,2.8,0.285,0.8,1.2,0.705
Cody Williams,UTA,SG,20,50,21,21.2,4.6,2.3,0.5,1.7,1.2,0.5,0.3,0.9,1.7,5.1,0.323,0.7,2.7,0.259,0.6,0.8,0.725
Colby Jones,2TM,SG,22,39,0,13.2,4.0,2.2,0.5,1.7,1.1,0.7,0.3,0.6,1.5,3.3,0.457,0.4,1.3,0.327,0.6,0.9,0.657
Cole Anthony,ORL,PG,24,67,22,18.4,9.4,3.0,0.7,2.4,2.9,0.7,0.5,1.5,3.4,8.1,0.424,1.1,3.3,0.353,1.4,1.7,0.823
Cole Swider,2TM,SF,25,10,0,16.9,5.9,2.7,0.5,2.2,0.3,0.4,0.2,0.4,2.2,6.3,0.349,1.5,4.7,0.319,0.0,0.1,0.0
Colin Castleton,3TM,C,24,26,4,16.6,4.7,4.7,2.0,2.7,1.1,0.3,0.4,0.9,1.8,3.8,0.469,0.1,0.6,0.125,1.1,1.5,0.763
Collin Gillespie,PHO,PG,25,33,9,14.0,5.9,2.4,0.7,1.7,2.4,0.6,0.2,0.5,2.1,4.8,0.43,1.2,2.7,0.433,0.6,0.7,0.864
Collin Sexton,UTA,SG,26,63,61,27.9,18.4,2.7,1.0,1.8,4.2,0.7,0.1,2.5,6.6,13.8,0.48,1.7,4.3,0.406,3.4,4.0,0.865
Corey Kispert,WAS,SF,25,61,0,26.3,11.6,3.0,0.6,2.4,1.7,0.4,0.2,1.0,4.2,9.3,0.451,2.0,5.4,0.364,1.2,1.4,0.852
Cory Joseph,ORL,PG,33,50,16,12.2,3.5,1.5,0.3,1.1,1.4,0.5,0.1,0.4,1.2,3.1,0.403,0.8,2.1,0.364,0.3,0.4,0.778
Craig Porter Jr.,CLE,PG,24,51,1,10.1,3.7,1.3,0.4,0.9,1.4,0.3,0.3,0.7,1.4,2.7,0.514,0.4,0.9,0.438,0.5,0.6,0.719
Cui Yongxi,BRK,SG,21,5,0,2.0,0.6,0.4,0.0,0.4,0.0,0.0,0.0,0.0,0.2,1.4,0.143,0.0,0.6,0.0,0.2,0.4,0.5
D'Angelo Russell,2TM,PG,28,58,36,25.5,12.6,2.8,0.3,2.4,5.1,1.0,0.4,1.9,4.3,11.0,0.39,1.9,6.2,0.314,2.1,2.5,0.834
D.J. Carton,TOR,SG,24,4,0,8.3,0.8,1.0,0.0,1.0,0.8,0.5,0.0,1.0,0.3,1.8,0.143,0.0,0.8,0.0,0.3,0.3,1.0
DaQuan Jeffries,CHO,SG,27,47,20,22.8,6.7,2.9,0.8,2.1,1.1,0.6,0.5,0.7,2.5,6.2,0.405,1.2,3.5,0.335,0.5,0.6,0.8
Daeqwon Plowden,ATL,SG,26,6,0,12.0,7.2,1.8,0.7,1.2,0.3,0.0,0.0,0.7,2.7,4.2,0.64,1.5,2.8,0.529,0.3,0.3,1.0
Daishen Nix,MIN,PG,22,3,0,4.3,0.3,1.3,0.0,1.3,1.0,0.0,0.0,1.3,0.0,0.3,0.0,0.0,0.3,0.0,0.3,0.7,0.5
Dalano Banton,POR,PG,25,67,7,16.7,8.3,2.0,0.4,1.6,2.4,0.6,0.5,1.3,3.0,7.6,0.391,1.1,3.3,0.324,1.4,1.9,0.728
Dalen Terry,CHI,SG,22,73,5,13.5,4.5,1.7,0.5,1.2,1.3,0.6,0.2,0.7,1.6,3.7,0.448,0.5,1.4,0.356,0.7,0.9,0.71
Dalton Knecht,LAL,SF,23,78,16,19.2,9.1,2.8,0.5,2.3,0.8,0.3,0.1,0.5,3.3,7.1,0.461,1.6,4.4,0.376,0.8,1.1,0.762
Damian Lillard,MIL,PG,34,58,58,36.1,24.9,4.7,0.5,4.2,7.1,1.2,0.2,2.8,7.7,17.1,0.448,3.4,9.0,0.376,6.2,6.8,0.921
Damion Baugh,CHO,SG,24,15,2,24.7,7.3,3.3,0.9,2.4,3.7,1.0,0.1,2.1,2.8,8.7,0.323,0.8,3.7,0.214,0.9,1.0,0.867
Damion Lee,PHO,SG,32,25,0,5.8,3.3,0.8,0.1,0.7,0.4,0.2,0.0,0.4,1.1,3.0,0.365,0.4,1.5,0.243,0.8,0.8,0.952
Daniel Gafford,DAL,C,26,57,31,21.5,12.3,6.8,2.7,4.1,1.4,0.4,1.8,1.2,5.0,7.1,0.702,0.0,0.0,,2.4,3.4,0.689
Daniel Theis,NOP,C,32,38,9,16.3,4.3,4.3,1.2,3.2,1.6,0.5,0.5,0.7,1.6,3.4,0.473,0.2,1.0,0.243,0.8,1.0,0.838
Daniss Jenkins,DET,PG,23,7,0,3.3,1.0,0.3,0.0,0.3,0.4,0.0,0.0,0.1,0.4,1.4,0.3,0.1,1.0,0.143,0.0,0.3,0.0
Danté Exum,DAL,PG,29,20,13,18.6,8.7,1.7,0.2,1.5,2.8,0.6,0.2,1.1,3.2,6.7,0.478,1.2,2.7,0.434,1.2,1.6,0.742
Dario Šarić,DEN,C,30,16,4,13.1,3.5,3.1,0.9,2.3,1.4,0.4,0.1,0.9,1.3,3.6,0.362,0.4,1.6,0.269,0.4,0.6,0.7
Dariq Whitehead,BRK,SF,20,20,0,12.3,5.7,1.5,0.2,1.3,0.6,0.3,0.1,0.8,2.0,4.8,0.406,1.7,3.7,0.446,0.2,0.3,0.6
Darius Garland,CLE,PG,25,75,75,30.7,20.6,2.9,0.6,2.2,6.7,1.2,0.1,2.5,7.4,15.7,0.472,2.8,7.1,0.401,3.0,3.4,0.878
David Duke Jr.,SAS,SG,25,6,0,5.7,2.7,0.8,0.2,0.7,0.7,0.2,0.0,0.3,1.0,2.3,0.429,0.5,1.0,0.5,0.2,0.3,0.5
David Roddy,3TM,PF,23,33,3,12.4,4.6,2.5,0.4,2.2,1.1,0.4,0.3,0.7,1.7,3.8,0.456,0.6,1.8,0.311,0.6,0.8,0.769
Davion Mitchell,2TM,PG,26,74,37,27.4,7.9,2.3,0.5,1.8,4.9,1.0,0.2,1.7,3.0,6.4,0.468,1.1,2.9,0.398,0.8,1.1,0.69
Day'Ron Sharpe,BRK,C,23,50,2,18.2,7.9,6.6,3.0,3.6,1.8,0.8,0.8,1.3,3.3,6.3,0.521,0.2,0.9,0.244,1.1,1.5,0.757
De'Aaron Fox,2TM,PG,27,62,62,36.1,23.5,4.8,0.9,3.9,6.3,1.5,0.4,2.8,8.7,18.8,0.463,1.9,6.1,0.31,4.2,5.1,0.827
De'Andre Hunter,2TM,SF,27,64,9,27.2,17.0,4.0,0.7,3.3,1.4,0.8,0.2,1.3,5.6,11.9,0.47,2.5,6.1,0.405,3.4,4.0,0.846
De'Anthony Melton,GSW,SG,26,6,2,20.2,10.3,3.3,1.0,2.3,2.8,1.2,0.3,1.7,3.7,9.0,0.407,2.2,5.8,0.371,0.8,1.3,0.625
DeAndre Jordan,DEN,C,36,56,5,12.3,3.7,5.1,1.5,3.6,0.9,0.3,0.5,0.7,1.6,2.5,0.65,0.0,0.0,,0.5,1.1,0.422
DeMar DeRozan,SAC,SF,35,77,77,35.9,22.2,3.9,0.6,3.2,4.4,0.8,0.4,1.4,8.1,17.0,0.477,1.1,3.3,0.328,4.9,5.7,0.857
Dean Wade,CLE,PF,28,59,30,21.2,5.4,4.2,0.9,3.4,1.3,0.7,0.3,0.4,1.9,4.6,0.413,1.4,3.8,0.36,0.3,0.5,0.533
Deandre Ayton,POR,C,26,40,40,30.2,14.4,10.2,3.1,7.1,1.6,0.8,1.0,1.7,6.6,11.7,0.566,0.2,0.8,0.188,1.0,1.5,0.667
Dejounte Murray,NOP,PG,28,31,31,32.6,17.5,6.5,0.5,5.9,7.4,2.0,0.4,3.4,6.3,15.9,0.393,1.7,5.6,0.299,3.3,4.0,0.823
Delon Wright,2TM,PG,32,40,7,15.9,3.1,1.7,0.7,1.0,1.9,0.9,0.3,0.6,1.1,3.3,0.344,0.5,1.8,0.274,0.4,0.6,0.6
Deni Avdija,POR,SF,24,72,54,30.0,16.9,7.3,1.5,5.7,3.9,1.0,0.5,2.7,5.6,11.7,0.476,1.7,4.8,0.365,4.0,5.2,0.78
Dennis Schröder,3TM,PG,31,75,49,28.1,13.1,2.6,0.4,2.3,5.4,0.9,0.2,1.9,4.5,11.0,0.406,1.7,4.9,0.342,2.4,2.9,0.838
Dereck Lively II,DAL,C,20,36,29,23.1,8.7,7.5,2.9,4.6,2.4,0.6,1.6,1.1,3.7,5.3,0.702,0.0,0.0,,1.3,2.0,0.63
Derrick Jones Jr.,LAC,SF,27,77,55,24.3,10.1,3.4,1.2,2.2,0.8,1.0,0.4,0.9,4.0,7.6,0.526,1.0,2.8,0.356,1.1,1.5,0.703
Derrick White,BOS,SG,30,76,76,33.9,16.4,4.5,0.9,3.6,4.8,0.9,1.1,1.7,5.6,12.6,0.442,3.5,9.1,0.384,1.8,2.1,0.839
Desmond Bane,MEM,SG,26,69,68,32.0,19.2,6.1,0.9,5.2,5.3,1.2,0.4,2.4,7.1,14.8,0.484,2.4,6.1,0.392,2.6,2.9,0.894
Devin Booker,PHO,SG,28,75,75,37.3,25.6,4.1,1.0,3.1,7.1,0.9,0.2,2.9,8.7,18.9,0.461,2.4,7.3,0.332,5.8,6.4,0.894
Devin Carter,SAC,PG,22,36,0,11.0,3.8,2.1,0.5,1.6,1.1,0.6,0.1,0.5,1.3,3.5,0.37,0.5,1.7,0.295,0.7,1.2,0.591
Devin Vassell,SAS,SG,24,64,53,31.0,16.3,4.0,0.5,3.5,2.9,1.3,0.5,1.4,6.2,13.9,0.443,2.5,6.7,0.368,1.5,1.9,0.792
Dillon Brooks,HOU,SF,29,75,75,31.8,14.0,3.7,1.0,2.7,1.7,0.8,0.2,1.0,5.1,11.9,0.429,2.5,6.3,0.397,1.3,1.6,0.818
Dillon Jones,OKC,SF,23,54,3,10.2,2.5,2.2,0.6,1.7,1.1,0.3,0.1,0.5,0.9,2.5,0.383,0.3,1.2,0.254,0.3,0.5,0.607
Domantas Sabonis,SAC,C,28,70,70,34.7,19.1,13.9,3.8,10.1,6.0,0.7,0.4,2.9,7.5,12.8,0.59,0.9,2.2,0.417,3.1,4.1,0.754
Dominick Barlow,ATL,PF,21,35,4,10.7,4.2,2.4,1.0,1.4,0.5,0.3,0.5,0.1,1.7,3.2,0.531,0.2,0.8,0.259,0.6,0.9,0.636
Donovan Clingan,POR,C,20,67,37,19.8,6.5,7.9,3.2,4.6,1.1,0.5,1.6,1.1,2.7,5.0,0.539,0.2,0.7,0.286,0.9,1.6,0.596
Donovan Mitchell,CLE,SG,28,71,71,31.4,24.0,4.5,0.8,3.7,5.0,1.3,0.2,2.1,8.2,18.6,0.443,3.3,8.9,0.368,4.2,5.1,0.823
Donte DiVincenzo,MIN,SG,28,62,10,25.9,11.7,3.7,0.5,3.2,3.6,1.2,0.3,1.6,4.0,9.6,0.422,2.8,7.1,0.397,0.8,1.0,0.778
Dorian Finney-Smith,2TM,PF,31,63,40,28.9,8.7,3.9,1.3,2.7,1.4,0.9,0.4,0.9,3.1,6.9,0.448,2.0,5.0,0.411,0.5,0.7,0.667
Doug McDermott,SAC,SF,33,42,3,8.1,3.5,0.5,0.1,0.5,0.2,0.1,0.0,0.1,1.2,2.8,0.427,1.0,2.4,0.436,0.1,0.1,0.6
Draymond Green,GSW,PF,34,68,66,29.2,9.0,6.1,1.1,5.0,5.6,1.5,1.0,2.6,3.2,7.5,0.424,1.2,3.6,0.325,1.5,2.2,0.687
Drew Eubanks,2TM,C,27,61,4,12.2,4.6,3.7,1.0,2.7,0.9,0.2,0.6,0.7,1.9,3.2,0.593,0.0,0.1,0.5,0.8,1.2,0.662
Drew Peterson,BOS,PF,25,25,1,7.4,2.2,1.6,0.4,1.2,0.5,0.2,0.1,0.3,0.7,1.6,0.415,0.5,1.3,0.394,0.3,0.4,0.778
Drew Timme,BRK,PF,24,9,2,28.2,12.1,7.2,1.9,5.3,2.2,0.4,0.1,1.7,5.0,11.3,0.441,1.0,3.9,0.257,1.1,1.8,0.625
Dru Smith,MIA,SG,27,14,1,19.1,6.2,2.6,0.9,1.7,1.6,1.5,0.4,1.2,2.2,4.4,0.508,1.1,2.1,0.533,0.6,0.9,0.75
Duncan Robinson,MIA,SF,30,74,37,24.1,11.0,2.3,0.2,2.0,2.4,0.5,0.1,1.2,3.9,9.0,0.437,2.6,6.5,0.393,0.6,0.7,0.887
Duop Reath,POR,C,28,46,0,10.2,4.2,2.0,1.0,1.0,0.6,0.3,0.3,0.3,1.5,3.6,0.422,0.7,2.3,0.321,0.4,0.5,0.909
Dwight Powell,DAL,C,33,55,3,10.0,2.1,2.1,0.9,1.3,1.0,0.3,0.4,0.3,0.8,1.1,0.689,0.0,0.1,0.4,0.5,0.8,0.651
Dyson Daniels,ATL,SG,21,76,76,33.8,14.1,5.9,1.6,4.3,4.4,3.0,0.7,2.0,6.0,12.1,0.493,1.1,3.1,0.34,1.1,1.8,0.593
E.J. Liddell,CHI,PF,24,12,0,4.4,1.8,0.8,0.3,0.5,0.3,0.1,0.1,0.2,0.7,1.3,0.533,0.3,0.8,0.3,0.2,0.2,1.0
Elfrid Payton,2TM,PG,30,24,9,21.3,3.5,3.3,0.6,2.7,6.9,1.0,0.5,2.5,1.7,5.1,0.328,0.0,0.3,0.167,0.2,0.3,0.571
Elijah Harkless,UTA,SG,24,10,0,13.8,3.2,2.1,0.9,1.2,0.8,1.0,0.1,0.3,1.1,3.5,0.314,0.7,2.5,0.28,0.3,0.6,0.5
Emanuel Miller,CHI,PF,24,6,0,4.2,1.7,1.3,0.7,0.7,0.3,0.2,0.0,0.0,0.7,1.3,0.5,0.0,0.2,0.0,0.3,0.3,1.0
Emoni Bates,CLE,SF,21,10,0,7.5,3.7,0.7,0.0,0.7,0.8,0.1,0.1,0.2,1.3,3.8,0.342,1.1,3.0,0.367,0.0,0.0,
Enrique Freeman,IND,PF,24,22,1,8.2,2.1,1.4,0.5,0.9,0.4,0.1,0.1,0.3,0.7,1.7,0.432,0.0,0.5,0.1,0.6,0.9,0.684
Eric Gordon,PHI,SG,36,39,13,19.7,6.8,1.2,0.2,1.0,1.7,0.7,0.3,0.7,2.2,5.2,0.426,1.4,3.5,0.409,0.9,1.2,0.75
Evan Mobley,CLE,PF,23,71,71,30.5,18.5,9.3,2.3,7.0,3.2,0.9,1.6,2.0,7.1,12.8,0.557,1.2,3.2,0.37,3.1,4.3,0.725
Franz Wagner,ORL,SF,23,60,60,33.7,24.2,5.7,0.9,4.8,4.7,1.3,0.4,2.3,9.0,19.4,0.463,1.7,5.9,0.295,4.5,5.2,0.871
Fred VanVleet,HOU,PG,30,60,60,35.2,14.1,3.7,0.5,3.2,5.6,1.6,0.4,1.5,4.8,12.7,0.378,2.7,7.7,0.345,1.9,2.3,0.81
GG Jackson II,MEM,PF,20,29,3,15.8,7.2,3.2,0.9,2.2,1.0,0.4,0.2,1.1,2.6,6.9,0.372,1.1,3.3,0.337,1.0,1.4,0.725
Gabe Vincent,LAL,PG,28,72,11,21.2,6.4,1.3,0.3,1.0,1.4,0.7,0.2,0.6,2.3,5.8,0.4,1.5,4.3,0.353,0.2,0.3,0.714
Garrett Temple,TOR,SG,38,28,0,8.1,1.9,1.0,0.3,0.7,1.1,0.6,0.1,0.4,0.6,2.1,0.3,0.2,1.0,0.214,0.4,0.4,0.917
Garrison Mathews,ATL,SG,28,47,2,17.7,7.5,1.9,0.3,1.6,1.3,0.6,0.3,0.7,2.2,5.5,0.397,1.8,4.6,0.39,1.4,1.7,0.821
Gary Harris,ORL,SG,30,48,3,14.8,3.0,1.3,0.4,0.9,0.6,0.5,0.3,0.4,1.1,2.8,0.383,0.8,2.1,0.356,0.1,0.3,0.583
Gary Payton II,GSW,SG,32,62,11,15.0,6.5,3.0,0.9,2.1,1.3,0.8,0.3,0.6,2.8,4.8,0.574,0.5,1.5,0.326,0.4,0.6,0.711
Gary Trent Jr.,MIL,SG,26,74,9,25.6,11.1,2.3,0.3,2.0,1.2,1.0,0.1,0.6,3.8,8.9,0.431,2.4,5.9,0.416,1.1,1.2,0.848
Georges Niang,2TM,PF,31,79,3,21.5,9.9,3.4,0.6,2.8,1.4,0.4,0.2,1.0,3.6,7.8,0.461,2.1,5.2,0.406,0.6,0.7,0.793
Giannis Antetokounmpo,MIL,PF,30,67,67,34.2,30.4,11.9,2.2,9.7,6.5,0.9,1.2,3.1,11.8,19.7,0.601,0.2,0.9,0.222,6.5,10.6,0.617
Goga Bitadze,ORL,C,25,70,42,20.4,7.2,6.6,2.4,4.2,2.0,0.7,1.4,1.0,3.0,4.8,0.611,0.0,0.4,0.107,1.2,1.9,0.639
Gradey Dick,TOR,SG,21,54,54,29.4,14.4,3.6,0.8,2.8,1.8,0.9,0.2,1.5,4.9,12.0,0.41,2.1,6.0,0.35,2.5,2.9,0.858
Grant Williams,CHO,PF,26,16,7,29.9,10.4,5.1,1.1,4.0,2.3,1.1,0.8,1.8,3.4,7.7,0.439,1.7,4.6,0.365,1.9,2.3,0.838
Grayson Allen,PHO,SG,29,64,7,24.1,10.6,3.0,0.5,2.5,2.1,0.8,0.3,1.2,3.4,7.6,0.448,2.3,5.5,0.426,1.5,1.8,0.816
Guerschon Yabusele,PHI,C,29,70,43,27.1,11.0,5.6,1.9,3.7,2.1,0.8,0.3,1.2,4.0,8.0,0.501,1.5,3.9,0.38,1.4,2.0,0.725
Gui Santos,GSW,PF,22,56,2,13.6,4.1,3.1,1.3,1.8,1.4,0.4,0.2,0.8,1.5,3.2,0.458,0.6,1.8,0.33,0.5,0.8,0.69
Harrison Barnes,SAS,PF,32,82,82,27.2,12.3,3.8,1.2,2.6,1.7,0.5,0.2,0.6,4.2,8.3,0.508,1.9,4.4,0.433,2.0,2.4,0.809
Harrison Ingram,SAS,SF,22,5,0,7.0,0.8,1.8,0.4,1.4,0.6,0.6,0.0,0.2,0.4,0.8,0.5,0.0,0.2,0.0,0.0,0.0,
Haywood Highsmith,MIA,SF,28,74,42,24.6,6.5,3.4,1.0,2.4,1.5,0.9,0.5,0.7,2.4,5.3,0.458,1.2,3.1,0.382,0.4,0.6,0.721
Herbert Jones,NOP,SF,26,20,20,32.4,10.3,3.9,1.1,2.8,3.3,1.9,0.5,1.8,3.8,8.6,0.436,1.1,3.6,0.306,1.7,2.0,0.825
Hunter Tyson,DEN,PF,24,51,2,7.8,2.6,1.5,0.5,1.0,0.4,0.2,0.1,0.3,0.9,2.4,0.375,0.5,1.5,0.311,0.4,0.5,0.75
Immanuel Quickley,TOR,PG,25,33,33,27.8,17.1,3.5,0.5,3.1,5.8,0.7,0.1,1.8,5.6,13.3,0.42,2.6,6.8,0.378,3.4,3.9,0.867
Isaac Jones,SAC,PF,24,40,0,7.6,3.4,1.4,0.6,0.9,0.3,0.1,0.3,0.4,1.4,2.1,0.651,0.1,0.2,0.375,0.6,0.9,0.639
Isaac Okoro,CLE,SG,24,55,22,19.1,6.1,2.4,0.9,1.5,1.2,0.6,0.3,0.4,2.3,4.9,0.464,1.0,2.7,0.371,0.6,0.8,0.717
Isaiah Collier,UTA,PG,20,71,46,25.9,8.7,3.3,0.5,2.9,6.3,0.9,0.2,2.9,3.3,7.8,0.422,0.6,2.4,0.249,1.5,2.2,0.682
Isaiah Crawford,SAC,SF,23,15,0,3.1,0.9,0.5,0.1,0.5,0.1,0.1,0.1,0.1,0.3,0.7,0.455,0.1,0.3,0.2,0.1,0.3,0.5
Isaiah Hartenstein,OKC,C,26,57,53,27.9,11.2,10.7,2.9,7.9,3.8,0.8,1.1,1.7,4.9,8.4,0.581,0.0,0.3,0.0,1.4,2.1,0.675
Isaiah Jackson,IND,C,23,5,1,16.8,7.0,5.6,2.2,3.4,1.0,0.6,1.6,1.0,2.8,4.6,0.609,0.0,0.0,,1.4,2.8,0.5
Isaiah Joe,OKC,SG,25,74,16,21.7,10.2,2.6,0.6,2.1,1.6,0.6,0.1,0.5,3.5,7.9,0.44,2.6,6.3,0.412,0.6,0.8,0.821
Isaiah Mobley,PHI,PF,25,1,0,17.0,6.0,4.0,1.0,3.0,5.0,1.0,1.0,0.0,2.0,7.0,0.286,1.0,3.0,0.333,1.0,2.0,0.5
Isaiah Stevens,MIA,PG,24,3,0,2.0,0.0,0.7,0.0,0.7,0.0,0.3,0.0,0.0,0.0,0.7,0.0,0.0,0.3,0.0,0.0,0.0,
Isaiah Stewart,DET,C,23,72,4,19.9,6.0,5.5,1.8,3.7,1.7,0.4,1.4,0.9,2.4,4.4,0.559,0.2,0.7,0.321,0.9,1.2,0.759
Isaiah Wong,CHO,SG,24,20,0,13.3,6.0,1.6,0.7,0.9,1.4,0.6,0.0,0.9,2.1,5.3,0.39,0.7,1.7,0.394,1.3,1.7,0.735
Ivica Zubac,LAC,C,27,80,80,32.8,16.8,12.6,3.8,8.9,2.7,0.7,1.1,1.6,7.4,11.8,0.628,0.0,0.0,,2.0,3.0,0.661
JD Davison,BOS,PG,22,16,0,5.8,2.1,0.8,0.1,0.7,0.8,0.3,0.1,0.8,0.8,2.1,0.353,0.3,1.1,0.222,0.3,0.4,0.714
JT Thor,2TM,PF,22,20,0,12.5,3.6,2.4,1.0,1.4,0.3,0.4,0.5,0.5,1.3,3.0,0.424,0.3,1.1,0.286,0.8,1.1,0.682
Ja Morant,MEM,PG,25,50,50,30.4,23.2,4.1,0.7,3.4,7.3,1.2,0.2,3.7,8.1,17.8,0.454,1.8,5.7,0.309,5.3,6.4,0.824
Ja'Kobe Walter,TOR,SG,20,52,18,21.2,8.6,3.1,1.1,1.9,1.6,0.8,0.2,1.0,3.1,7.6,0.405,1.3,3.6,0.349,1.3,1.6,0.795
Jabari Smith Jr.,HOU,PF,21,57,39,30.1,12.2,7.0,1.8,5.2,1.1,0.4,0.7,1.1,4.4,9.9,0.438,1.7,4.9,0.354,1.8,2.2,0.825
Jabari Walker,POR,PF,22,60,1,12.5,5.2,3.5,1.0,2.5,0.6,0.6,0.1,0.6,2.0,3.8,0.515,0.5,1.2,0.389,0.8,1.2,0.69
Jack McVeigh,HOU,PF,28,9,0,4.8,1.6,0.6,0.2,0.3,0.1,0.0,0.2,0.2,0.6,1.9,0.294,0.4,1.4,0.308,0.0,0.0,
Jackson Rowe,GSW,PF,28,6,0,8.7,3.7,1.8,0.5,1.3,0.7,0.7,0.0,0.2,1.3,2.8,0.471,0.5,1.7,0.3,0.5,1.0,0.5
Jacob Toppin,2TM,SF,24,17,0,4.5,1.4,0.9,0.2,0.7,0.4,0.1,0.0,0.2,0.5,1.3,0.409,0.3,0.6,0.5,0.0,0.0,
Jaden Hardy,DAL,SG,22,57,3,15.9,8.7,1.6,0.2,1.4,1.4,0.5,0.1,1.4,3.2,7.3,0.435,1.3,3.5,0.386,1.1,1.5,0.698
Jaden Ivey,DET,SG,22,30,30,29.9,17.6,4.1,1.3,2.8,4.0,0.9,0.4,3.0,6.3,13.8,0.46,2.1,5.1,0.409,2.8,3.9,0.733
Jaden McDaniels,MIN,PF,24,82,82,31.9,12.2,5.7,1.6,4.2,2.0,1.3,0.9,1.2,4.9,10.2,0.477,1.2,3.7,0.33,1.3,1.6,0.813
Jaden Springer,2TM,PG,22,43,2,8.5,2.5,1.3,0.4,1.0,0.8,0.6,0.1,0.4,0.8,2.1,0.389,0.3,1.1,0.25,0.6,0.9,0.711
Jae Crowder,SAC,PF,34,9,2,11.4,2.6,2.2,0.7,1.6,0.7,0.3,0.0,0.4,0.8,2.4,0.318,0.4,1.7,0.267,0.6,0.7,0.833
Jae'Sean Tate,HOU,SF,29,52,2,11.3,3.6,2.3,1.0,1.3,0.9,0.5,0.1,0.4,1.3,2.8,0.473,0.3,0.9,0.348,0.6,0.9,0.681
Jahlil Okafor,IND,C,29,1,0,3.0,0.0,1.0,0.0,1.0,1.0,0.0,0.0,0.0,0.0,0.0,,0.0,0.0,,0.0,0.0,
Jahmir Young,CHI,PG,24,6,0,5.0,1.8,0.5,0.2,0.3,1.0,0.0,0.0,0.2,0.7,0.8,0.8,0.2,0.3,0.5,0.3,0.3,1.0
Jaime Jaquez Jr.,MIA,SF,23,66,17,20.7,8.6,4.4,1.3,3.1,2.5,0.9,0.2,1.5,3.2,7.0,0.461,0.6,1.8,0.311,1.6,2.2,0.754
Jake LaRavia,2TM,PF,23,66,0,20.4,6.9,3.9,1.4,2.6,2.4,0.9,0.3,1.3,2.4,5.1,0.475,0.9,2.2,0.423,1.2,1.7,0.678
Jakob Poeltl,TOR,C,29,57,56,29.6,14.5,9.6,3.3,6.3,2.8,1.2,1.2,1.9,6.4,10.2,0.627,0.0,0.1,0.333,1.7,2.5,0.674
Jalen Bridges,PHO,SF,23,8,0,3.8,1.1,0.5,0.0,0.5,0.0,0.0,0.0,0.5,0.3,0.9,0.286,0.3,0.9,0.286,0.4,0.5,0.75
Jalen Brunson,NYK,PG,28,65,65,35.4,26.0,2.9,0.4,2.5,7.3,0.9,0.1,2.5,9.0,18.5,0.488,2.3,6.1,0.383,5.7,6.9,0.821
Jalen Duren,DET,C,21,78,78,26.1,11.8,10.3,3.6,6.8,2.7,0.7,1.1,1.7,4.8,7.0,0.692,0.0,0.0,,2.1,3.1,0.669
Jalen Green,HOU,SG,22,82,82,32.9,21.0,4.6,0.5,4.0,3.4,0.9,0.3,2.5,7.4,17.5,0.423,2.9,8.1,0.354,3.3,4.1,0.813
Jalen Hood-Schifino,2TM,SG,21,15,0,21.0,7.1,1.8,0.2,1.6,2.5,0.3,0.5,1.2,2.5,6.5,0.378,0.9,3.1,0.304,1.2,1.4,0.857
Jalen Johnson,ATL,SF,23,36,36,35.7,18.9,10.0,1.7,8.3,5.0,1.6,1.0,2.9,7.5,15.1,0.5,1.2,3.9,0.312,2.6,3.5,0.746
Jalen McDaniels,WAS,SF,27,4,0,1.8,0.0,0.0,0.0,0.0,0.3,0.3,0.0,0.0,0.0,0.0,,0.0,0.0,,0.0,0.0,
Jalen Pickett,DEN,SG,25,49,4,13.6,4.1,1.4,0.3,1.1,2.2,0.4,0.1,0.5,1.6,3.7,0.428,0.8,2.1,0.396,0.1,0.2,0.75
Jalen Smith,CHI,C,24,64,2,15.0,8.2,5.6,1.4,4.2,1.0,0.3,0.7,0.6,3.0,6.4,0.466,1.1,3.5,0.324,1.1,1.4,0.809
Jalen Suggs,ORL,PG,23,35,35,28.6,16.2,4.0,0.7,3.4,3.7,1.5,0.9,2.9,5.6,13.7,0.41,2.2,6.9,0.314,2.8,3.1,0.882
Jalen Williams,OKC,SG,23,69,69,32.4,21.6,5.3,0.9,4.5,5.1,1.6,0.7,2.2,8.2,16.9,0.484,1.8,4.9,0.365,3.4,4.3,0.789
Jalen Wilson,BRK,PF,24,79,22,25.7,9.5,3.4,0.9,2.5,1.8,0.5,0.1,1.0,3.1,7.8,0.397,1.5,4.6,0.337,1.7,2.1,0.818
Jamal Cain,NOP,SF,25,37,0,13.6,5.3,2.3,0.7,1.6,0.6,0.6,0.2,0.6,1.8,4.3,0.43,0.7,2.2,0.325,0.9,1.4,0.68
Jamal Murray,DEN,PG,27,67,67,36.1,21.4,3.9,0.7,3.2,6.0,1.4,0.5,2.1,7.9,16.7,0.474,2.3,5.9,0.393,3.3,3.7,0.886
Jamal Shead,TOR,PG,22,75,11,19.6,7.1,1.5,0.4,1.1,4.2,0.8,0.1,1.6,2.7,6.7,0.405,1.0,3.0,0.323,0.7,0.9,0.768
Jamaree Bouyea,MIL,PG,25,5,1,12.4,3.4,1.0,0.2,0.8,2.0,0.8,0.4,1.6,1.2,2.4,0.5,0.2,1.0,0.2,0.8,1.2,0.667
James Harden,LAC,PG,35,79,79,35.3,22.8,5.8,0.7,5.1,8.7,1.5,0.7,4.3,6.7,16.4,0.41,3.0,8.5,0.352,6.4,7.3,0.874
James Johnson,IND,PF,37,12,0,3.1,0.7,0.5,0.0,0.5,0.3,0.0,0.2,0.3,0.3,0.9,0.364,0.0,0.3,0.0,0.0,0.1,0.0
James Wiseman,IND,C,23,1,0,5.0,6.0,1.0,0.0,1.0,0.0,0.0,0.0,0.0,2.0,4.0,0.5,0.0,1.0,0.0,2.0,2.0,1.0
Jamison Battle,TOR,SF,23,59,10,17.7,7.1,2.7,0.6,2.1,0.9,0.3,0.2,0.5,2.5,5.9,0.429,1.8,4.4,0.405,0.3,0.3,0.889
Jarace Walker,IND,PF,21,75,5,15.8,6.1,3.1,0.3,2.7,1.5,0.7,0.3,1.0,2.3,4.8,0.472,1.0,2.5,0.405,0.6,0.9,0.667
Jared Butler,2TM,SG,24,60,17,17.4,9.0,1.8,0.4,1.4,3.7,0.7,0.2,1.3,3.4,7.6,0.448,1.0,2.8,0.355,1.3,1.5,0.824
Jared McCain,PHI,SG,20,23,8,25.7,15.3,2.4,0.6,1.9,2.6,0.7,0.0,1.6,5.5,11.9,0.46,2.2,5.8,0.383,2.1,2.4,0.875
Jared Rhoden,2TM,SG,25,14,2,16.2,8.4,3.0,1.0,2.0,1.1,0.7,0.1,0.6,3.0,6.2,0.483,0.9,2.8,0.308,1.6,1.8,0.88
Jaren Jackson Jr.,MEM,C,25,74,74,29.8,22.2,5.6,1.2,4.4,2.0,1.2,1.5,2.1,8.0,16.4,0.488,2.0,5.3,0.375,4.2,5.4,0.781
Jarred Vanderbilt,LAL,PF,25,36,2,16.1,4.1,5.1,1.9,3.2,1.1,1.0,0.3,0.8,1.6,3.4,0.488,0.3,0.9,0.281,0.6,1.0,0.556
Jarrett Allen,CLE,C,26,82,82,28.0,13.5,9.7,2.6,7.1,1.9,0.9,0.9,1.2,5.5,7.8,0.706,0.0,0.1,0.0,2.4,3.4,0.718
Javonte Green,2TM,SG,31,68,19,18.5,5.1,3.2,0.9,2.3,0.8,1.0,0.5,0.5,1.8,4.2,0.429,0.7,2.1,0.326,0.8,1.1,0.724
Jaxson Hayes,LAL,C,24,56,35,19.5,6.8,4.8,1.4,3.4,1.0,0.6,0.9,0.8,2.9,4.0,0.722,0.0,0.1,0.0,1.1,1.8,0.622
Jay Huff,MEM,C,26,64,2,11.7,6.9,2.0,0.5,1.5,0.6,0.3,0.9,0.5,2.5,4.8,0.515,1.3,3.1,0.405,0.7,0.9,0.786
Jaylen Brown,BOS,SF,28,63,63,34.3,22.2,5.8,1.3,4.5,4.5,1.2,0.3,2.6,8.2,17.7,0.463,1.8,5.7,0.324,3.9,5.1,0.764
Jaylen Clark,MIN,SG,23,40,4,13.1,4.1,1.3,0.7,0.7,0.7,0.9,0.1,0.2,1.4,3.0,0.467,0.6,1.3,0.431,0.7,0.9,0.784
Jaylen Martin,2TM,SF,21,16,0,14.9,4.9,2.8,0.7,2.1,1.1,0.6,0.0,0.8,1.9,4.6,0.419,0.4,1.4,0.304,0.6,0.6,0.9
Jaylen Nowell,NOP,SG,25,8,0,21.0,8.4,2.5,0.8,1.8,2.3,0.1,0.5,1.0,3.3,9.1,0.356,1.0,3.4,0.296,0.9,1.4,0.636
Jaylen Sims,CHO,SG,26,6,0,18.7,7.0,1.0,0.5,0.5,2.0,0.5,0.2,1.3,2.0,4.7,0.429,1.0,2.5,0.4,2.0,2.5,0.8
Jaylen Wells,MEM,SG,21,79,74,25.9,10.4,3.4,1.1,2.3,1.7,0.6,0.1,0.9,3.6,8.6,0.425,1.7,5.0,0.352,1.4,1.7,0.822
Jaylin Williams,OKC,PF,22,47,9,16.7,5.9,5.6,1.0,4.6,2.6,0.5,0.6,0.7,2.1,4.7,0.439,1.3,3.3,0.399,0.5,0.6,0.767
Jaylon Tyson,CLE,SG,22,47,3,9.6,3.6,2.0,0.8,1.3,0.9,0.3,0.1,0.6,1.4,3.2,0.43,0.4,1.2,0.345,0.4,0.5,0.792
Jayson Tatum,BOS,PF,26,72,72,36.4,26.8,8.7,0.7,8.0,6.0,1.1,0.5,2.9,9.2,20.3,0.452,3.5,10.1,0.343,5.0,6.1,0.814
Jazian Gortman,DAL,PG,21,16,0,3.6,1.5,0.3,0.1,0.3,0.4,0.1,0.1,0.3,0.6,1.4,0.391,0.3,0.7,0.364,0.1,0.3,0.5
Jeff Dowtin Jr.,PHI,PG,27,41,3,15.1,7.0,1.5,0.3,1.2,1.9,0.6,0.3,0.4,2.7,5.6,0.487,0.7,1.7,0.4,0.8,1.1,0.733
Jeff Green,HOU,PF,38,32,3,12.4,5.4,1.8,0.3,1.5,0.6,0.2,0.1,0.3,1.9,3.8,0.504,0.9,2.5,0.367,0.7,0.8,0.808
Jerami Grant,POR,PF,30,47,47,32.4,14.4,3.5,0.6,2.9,2.1,0.9,1.0,1.4,4.6,12.2,0.373,2.3,6.3,0.365,3.0,3.5,0.849
Jeremiah Robinson-Earl,NOP,PF,24,66,9,18.8,6.3,4.8,1.7,3.1,1.3,0.6,0.1,0.8,2.4,5.3,0.455,0.8,2.5,0.341,0.7,0.8,0.836
Jeremy Sochan,SAS,PF,21,54,23,25.3,11.4,6.5,2.4,4.2,2.4,0.8,0.5,1.6,4.6,8.7,0.535,0.5,1.7,0.308,1.6,2.3,0.696
Jericho Sims,2TM,C,26,53,5,11.9,1.8,3.7,1.3,2.4,0.6,0.2,0.4,0.6,0.8,1.3,0.634,0.0,0.0,,0.2,0.2,0.615
Jesse Edwards,MIN,C,24,2,0,2.5,0.0,0.0,0.0,0.0,0.5,0.0,0.0,0.0,0.0,0.0,,0.0,0.0,,0.0,0.0,
Jett Howard,ORL,SF,21,60,0,11.7,4.5,1.2,0.3,0.8,0.7,0.2,0.2,0.6,1.6,4.4,0.374,0.9,3.1,0.296,0.3,0.4,0.696
Jevon Carter,CHI,PG,29,36,1,8.9,4.3,1.1,0.1,1.0,1.1,0.4,0.1,0.3,1.5,4.1,0.377,1.0,2.9,0.333,0.2,0.3,0.8
Jimmy Butler,2TM,SF,35,55,55,31.7,17.5,5.4,2.3,3.1,5.4,1.4,0.3,1.3,5.5,10.9,0.504,0.6,1.9,0.308,6.0,7.1,0.842
Jock Landale,HOU,C,29,42,3,11.9,4.8,3.3,1.3,1.9,0.9,0.3,0.2,0.5,1.9,3.6,0.533,0.3,0.6,0.423,0.6,1.0,0.675
Joe Ingles,MIN,SF,37,19,1,6.0,0.8,0.6,0.1,0.5,1.2,0.1,0.0,0.5,0.3,1.2,0.261,0.2,0.8,0.2,0.0,0.0,
Joel Embiid,PHI,C,30,19,19,30.2,23.8,8.2,1.9,6.3,4.5,0.7,0.9,3.3,7.4,16.6,0.444,1.2,4.1,0.299,7.8,8.9,0.882
John Collins,UTA,PF,27,40,31,30.5,19.0,8.2,2.2,6.0,2.0,1.0,1.0,2.6,7.0,13.3,0.527,1.5,3.7,0.399,3.5,4.1,0.848
John Konchar,MEM,SG,28,46,4,12.1,2.4,3.3,0.8,2.5,0.9,0.7,0.3,0.3,0.9,2.0,0.451,0.5,1.3,0.371,0.2,0.2,0.875
Johnny Davis,WAS,SG,22,34,0,7.1,2.4,1.1,0.3,0.8,0.3,0.4,0.2,0.2,0.9,2.3,0.41,0.2,0.9,0.241,0.3,0.4,0.6
Johnny Furphy,IND,SG,20,50,0,7.6,2.1,1.4,0.5,1.0,0.4,0.4,0.2,0.2,0.7,1.8,0.38,0.3,1.0,0.3,0.4,0.4,0.818
Johnny Juzang,UTA,SG,23,64,18,19.8,8.9,2.9,0.7,2.2,1.1,0.6,0.1,0.6,3.2,7.4,0.429,1.8,4.9,0.376,0.7,0.8,0.849
Jonas Valančiūnas,2TM,C,32,81,21,18.8,10.4,7.7,2.3,5.4,2.0,0.5,0.6,1.5,4.3,7.7,0.55,0.1,0.5,0.216,1.8,2.0,0.879
Jonathan Isaac,ORL,PF,27,71,1,15.4,5.4,4.4,1.7,2.7,0.6,0.9,1.1,0.5,1.9,4.6,0.414,0.5,2.1,0.258,1.0,1.5,0.682
Jonathan Kuminga,GSW,PF,22,47,10,24.3,15.3,4.6,1.2,3.4,2.2,0.8,0.4,1.5,5.5,12.1,0.454,1.0,3.2,0.305,3.3,5.0,0.668
Jonathan Mogbo,TOR,PF,23,63,18,20.4,6.2,4.9,1.7,3.2,2.3,0.9,0.5,1.1,2.5,5.7,0.438,0.3,1.1,0.243,1.0,1.3,0.732
Jordan Clarkson,UTA,SG,32,37,9,26.0,16.2,3.2,0.7,2.5,3.7,0.8,0.2,2.3,5.4,13.3,0.408,2.3,6.3,0.362,3.1,3.9,0.797
Jordan Goodwin,LAL,PG,26,29,5,18.7,5.6,3.9,1.3,2.6,1.4,1.0,0.4,0.9,2.2,5.0,0.438,0.9,2.3,0.382,0.3,0.4,0.818
Jordan Hawkins,NOP,SG,22,56,9,23.6,10.8,2.8,0.4,2.4,1.2,0.5,0.4,1.0,3.7,9.9,0.372,2.0,5.9,0.331,1.4,1.8,0.816
Jordan McLaughlin,2TM,PG,28,46,0,6.8,2.1,0.7,0.1,0.5,1.1,0.3,0.0,0.3,0.7,1.6,0.431,0.4,1.0,0.413,0.4,0.5,0.773
Jordan Miller,LAC,SF,25,37,0,11.4,4.1,1.6,0.6,0.9,0.9,0.5,0.1,0.7,1.6,3.6,0.433,0.2,1.0,0.211,0.8,0.9,0.8
Jordan Poole,WAS,SG,25,68,68,29.4,20.5,3.0,0.5,2.5,4.5,1.3,0.4,3.0,6.7,15.5,0.432,3.5,9.1,0.378,3.6,4.0,0.883
Jordan Walsh,BOS,PF,20,52,1,7.8,1.6,1.3,0.4,0.9,0.4,0.2,0.2,0.3,0.6,1.6,0.361,0.3,1.1,0.273,0.1,0.2,0.583
Jose Alvarado,NOP,PG,26,56,23,24.4,10.3,2.4,0.5,1.9,4.6,1.3,0.3,1.5,3.6,9.3,0.392,2.0,5.5,0.359,1.1,1.3,0.811
Josh Christopher,MIA,SG,23,14,0,4.9,2.0,0.6,0.0,0.6,0.6,0.4,0.2,0.4,0.8,2.2,0.355,0.1,0.8,0.182,0.3,0.4,0.667
Josh Giddey,CHI,PG,22,70,69,30.2,14.6,8.1,1.8,6.3,7.2,1.2,0.6,2.9,5.3,11.4,0.465,1.5,4.0,0.378,2.5,3.2,0.781
Josh Green,CHO,SG,24,68,67,27.8,7.4,2.5,0.8,1.7,1.6,1.1,0.2,1.0,2.6,6.2,0.428,1.4,3.6,0.391,0.7,1.1,0.681
Josh Hart,NYK,SG,29,77,77,37.6,13.6,9.6,2.1,7.5,5.9,1.5,0.4,2.1,5.2,10.0,0.525,1.1,3.3,0.333,2.1,2.7,0.776
Josh Minott,MIN,SF,22,46,0,6.0,2.6,1.0,0.3,0.8,0.4,0.3,0.3,0.2,1.0,2.0,0.489,0.3,0.9,0.326,0.4,0.4,0.895
Josh Okogie,2TM,SG,26,40,7,15.6,7.1,2.8,1.1,1.7,0.8,1.2,0.5,0.8,2.4,5.3,0.443,0.8,2.3,0.348,1.6,2.1,0.741
Josh Richardson,MIA,SG,31,8,0,18.8,4.0,1.5,0.8,0.8,1.5,1.0,0.1,1.0,1.4,4.8,0.289,0.8,2.8,0.273,0.5,0.5,1.0
Jrue Holiday,BOS,PG,34,62,62,30.6,11.1,4.3,1.2,3.0,3.9,1.1,0.4,1.2,4.1,9.2,0.443,1.7,4.9,0.353,1.1,1.2,0.909
Julian Champagnie,SAS,SF,23,82,29,23.6,9.9,3.9,0.8,3.1,1.4,0.7,0.4,0.9,3.4,8.1,0.415,2.2,5.9,0.371,1.0,1.1,0.904
Julian Phillips,CHI,SF,21,79,5,14.2,4.6,2.1,0.8,1.3,0.5,0.5,0.3,0.3,1.6,3.6,0.446,0.6,1.9,0.327,0.8,1.0,0.789
Julian Strawther,DEN,SG,22,65,4,21.3,9.0,2.2,0.3,1.9,1.3,0.6,0.2,0.9,3.2,7.5,0.432,1.4,4.1,0.349,1.1,1.4,0.822
Julius Randle,MIN,PF,30,69,69,32.3,18.7,7.1,2.1,5.0,4.7,0.7,0.2,2.8,6.6,13.6,0.485,1.6,4.6,0.344,3.9,4.9,0.806
Justin Champagnie,WAS,SF,23,62,31,21.6,8.8,5.7,1.8,3.9,1.0,1.0,0.6,0.9,3.4,6.6,0.511,1.2,3.1,0.383,0.8,1.2,0.685
Justin Edwards,PHI,SF,21,44,26,26.3,10.1,3.4,1.0,2.3,1.6,1.0,0.4,1.1,3.9,8.6,0.455,1.6,4.3,0.363,0.7,1.0,0.696
Justin Minaya,POR,SF,25,19,0,5.3,0.9,0.5,0.3,0.3,0.4,0.3,0.1,0.3,0.4,1.1,0.381,0.1,0.5,0.2,0.0,0.1,0.0
Jusuf Nurkić,2TM,C,30,51,32,20.8,8.9,7.8,1.7,6.1,2.3,0.8,0.7,1.9,3.3,6.9,0.477,0.6,2.1,0.305,1.7,2.5,0.664
KJ Martin,2TM,PF,24,43,16,21.2,6.4,2.9,0.7,2.2,1.1,0.4,0.5,0.6,2.6,4.7,0.552,0.3,1.3,0.259,0.9,1.1,0.787
KJ Simpson,CHO,PG,22,36,15,23.4,7.8,3.0,1.1,1.9,3.1,0.9,0.2,1.6,2.9,8.4,0.346,0.9,3.6,0.254,1.1,1.4,0.82
Kai Jones,2TM,C,24,40,6,11.7,5.0,3.1,1.0,2.1,0.6,0.4,0.6,0.5,2.2,2.7,0.798,0.0,0.1,0.2,0.6,0.8,0.719
Karl-Anthony Towns,NYK,C,29,72,72,35.0,24.4,12.8,2.9,9.8,3.1,1.0,0.7,2.7,8.9,16.9,0.526,2.0,4.7,0.42,4.7,5.7,0.829
Karlo Matković,NOP,PF,23,42,7,18.8,7.7,5.0,1.5,3.5,1.1,0.5,1.0,1.0,3.2,5.6,0.574,0.5,1.6,0.318,0.8,1.0,0.773
Kawhi Leonard,LAC,SF,33,37,37,31.9,21.5,5.9,0.9,5.0,3.1,1.6,0.5,1.9,8.4,16.8,0.498,2.1,5.1,0.411,2.6,3.3,0.81
Keaton Wallace,ATL,PG,25,31,5,16.2,5.4,1.6,0.2,1.4,2.6,0.9,0.3,1.1,2.1,5.2,0.401,0.9,2.6,0.329,0.4,0.4,1.0
Keegan Murray,SAC,PF,24,76,76,34.3,12.4,6.7,1.9,4.8,1.4,0.8,0.9,0.8,4.8,10.8,0.444,2.0,5.9,0.343,0.8,0.9,0.833
Keion Brooks Jr.,NOP,SF,24,14,6,23.7,10.1,4.1,0.9,3.3,0.9,0.7,0.7,0.9,3.8,7.8,0.486,1.0,3.1,0.326,1.6,2.1,0.733
Kel'el Ware,MIA,C,20,64,36,22.2,9.3,7.4,1.8,5.6,0.9,0.6,1.1,0.9,4.0,7.3,0.554,0.5,1.7,0.315,0.7,1.0,0.687
Keldon Johnson,SAS,SF,25,77,0,23.9,12.7,4.8,1.5,3.4,1.6,0.6,0.3,1.0,4.8,10.0,0.482,1.1,3.6,0.318,1.9,2.5,0.773
Kelly Olynyk,2TM,C,33,44,22,20.3,8.7,4.7,1.4,3.3,2.9,0.8,0.4,1.7,3.0,6.1,0.5,0.8,1.8,0.418,1.9,2.5,0.769
Kelly Oubre Jr.,PHI,SF,29,60,57,34.6,15.1,6.1,1.6,4.5,1.8,1.5,0.5,1.3,5.8,12.4,0.47,1.2,4.0,0.293,2.3,3.1,0.751
Kenrich Williams,OKC,PF,30,69,7,16.4,6.3,3.5,0.9,2.6,1.4,0.6,0.1,0.6,2.5,5.1,0.483,1.0,2.5,0.386,0.4,0.6,0.718
Kentavious Caldwell-Pope,ORL,SG,31,77,77,29.6,8.7,2.2,0.4,1.8,1.8,1.3,0.4,0.8,3.1,7.1,0.439,1.5,4.3,0.342,1.1,1.2,0.863
Keon Ellis,SAC,SG,25,80,28,24.4,8.3,2.7,0.8,1.9,1.5,1.5,0.8,0.9,2.8,5.8,0.489,1.7,4.0,0.433,0.9,1.1,0.849
Keon Johnson,BRK,SG,22,79,56,24.4,10.6,3.8,0.8,3.0,2.2,1.0,0.4,1.5,3.8,9.9,0.389,1.6,5.1,0.314,1.4,1.8,0.77
Keshad Johnson,MIA,SF,23,16,0,6.1,2.7,1.8,0.4,1.4,0.3,0.3,0.3,0.3,1.1,1.6,0.692,0.2,0.4,0.429,0.3,0.6,0.444
Kessler Edwards,DAL,SF,24,40,18,15.2,4.2,2.9,0.6,2.3,1.1,0.5,0.5,0.4,1.7,3.4,0.496,0.6,1.4,0.407,0.3,0.3,0.923
Kevin Durant,PHO,PF,36,62,62,36.5,26.6,6.0,0.4,5.7,4.2,0.8,1.2,3.1,9.5,18.1,0.527,2.6,6.0,0.43,4.9,5.8,0.839
Kevin Huerter,2TM,SG,26,69,31,24.3,9.9,3.0,0.4,2.5,2.3,1.0,0.3,1.0,3.7,8.8,0.425,1.9,5.7,0.338,0.5,0.7,0.714
Kevin Knox,GSW,SF,25,14,0,6.0,3.3,1.2,0.5,0.7,0.4,0.1,0.3,0.3,1.3,2.6,0.5,0.3,1.1,0.267,0.4,0.6,0.75
Kevin Love,MIA,PF,36,23,9,10.9,5.3,4.1,1.0,3.1,1.0,0.7,0.2,0.6,1.8,5.0,0.357,1.0,2.9,0.358,0.7,1.0,0.696
Kevin McCullar Jr.,NYK,SF,23,4,0,7.3,1.5,2.0,0.0,2.0,0.5,0.3,0.3,0.0,0.5,1.8,0.286,0.0,0.3,0.0,0.5,0.5,1.0
Kevin Porter Jr.,2TM,SG,24,75,4,19.8,10.3,3.7,0.6,3.1,3.4,1.1,0.2,1.8,3.9,8.7,0.449,0.7,2.4,0.311,1.7,2.3,0.769
Kevon Looney,GSW,C,28,76,6,15.0,4.5,6.1,2.4,3.6,1.6,0.6,0.5,0.5,1.9,3.7,0.514,0.0,0.1,0.4,0.7,1.3,0.566
Keyonte George,UTA,PG,21,67,35,31.5,16.8,3.8,0.4,3.4,5.6,0.7,0.1,2.7,5.4,13.7,0.391,2.6,7.6,0.343,3.5,4.3,0.818
Khris Middleton,2TM,SF,33,37,21,22.8,11.9,3.7,0.4,3.4,4.1,0.9,0.2,1.5,4.3,9.1,0.475,1.3,3.6,0.361,1.9,2.3,0.857
Killian Hayes,BRK,PG,23,6,5,27.0,9.0,3.0,0.8,2.2,5.2,0.7,0.7,1.5,3.0,7.2,0.419,1.3,3.5,0.381,1.7,2.0,0.833
Klay Thompson,DAL,SF,34,72,72,27.3,14.0,3.4,0.6,2.8,2.0,0.7,0.4,1.2,5.0,12.2,0.412,3.0,7.7,0.391,0.9,1.0,0.905
Kobe Brown,LAC,PF,25,40,0,6.8,1.9,1.6,0.5,1.2,0.6,0.2,0.1,0.3,0.8,1.8,0.458,0.2,0.7,0.231,0.1,0.2,0.714
Kobe Bufkin,ATL,SG,21,10,0,12.4,5.3,2.1,0.5,1.6,1.7,0.3,0.2,0.8,1.8,4.7,0.383,0.4,1.9,0.211,1.3,1.8,0.722
Kris Dunn,LAC,PG,30,74,58,24.1,6.4,3.4,0.7,2.7,2.8,1.7,0.4,1.0,2.6,5.9,0.439,1.0,3.0,0.335,0.2,0.3,0.682
Kris Murray,POR,SF,24,69,6,15.1,4.2,2.6,1.1,1.5,1.0,0.5,0.2,0.6,1.7,4.0,0.419,0.4,1.7,0.225,0.4,0.8,0.456
Kristaps Porziņģis,BOS,C,29,42,42,28.8,19.5,6.8,1.6,5.1,2.1,0.7,1.5,1.3,6.6,13.7,0.483,2.5,6.0,0.412,3.8,4.7,0.809
Kyle Anderson,2TM,PF,31,61,4,16.4,5.9,3.4,0.9,2.5,2.4,0.7,0.5,0.6,2.3,5.0,0.469,0.4,1.1,0.357,0.8,1.1,0.738
Kyle Filipowski,UTA,C,21,72,27,21.1,9.6,6.1,1.6,4.6,1.9,0.7,0.3,1.4,3.6,7.2,0.502,1.1,3.1,0.35,1.3,2.0,0.65
Kyle Kuzma,2TM,PF,29,65,62,29.8,14.8,5.7,0.8,4.9,2.3,0.6,0.3,2.2,5.7,13.0,0.436,1.5,4.8,0.307,2.0,3.1,0.634
Kyle Lowry,PHI,PG,38,35,12,18.8,3.9,1.9,0.3,1.6,2.7,0.9,0.3,0.6,1.2,3.3,0.35,0.8,2.5,0.33,0.8,0.9,0.818
Kylor Kelley,2TM,C,27,11,2,11.5,3.1,3.5,1.1,2.5,0.5,0.1,0.3,0.4,1.3,2.0,0.636,0.0,0.0,,0.5,0.9,0.6
Kyrie Irving,DAL,SG,32,50,50,36.1,24.7,4.8,1.2,3.6,4.6,1.3,0.5,2.2,8.9,18.9,0.473,2.9,7.2,0.401,3.9,4.3,0.916
Kyshawn George,WAS,SG,21,68,38,26.5,8.7,4.2,0.7,3.5,2.5,1.0,0.7,1.4,3.0,8.0,0.372,1.7,5.2,0.322,1.0,1.4,0.753
LaMelo Ball,CHO,PG,23,47,47,32.0,25.2,4.9,1.0,3.9,7.4,1.1,0.3,3.6,8.6,21.3,0.405,3.8,11.2,0.339,4.1,4.9,0.843
Lamar Stevens,MEM,PF,27,17,1,9.1,4.4,2.2,0.2,2.0,0.5,0.3,0.2,0.6,1.7,3.7,0.46,0.5,1.6,0.296,0.5,0.6,0.727
Landry Shamet,NYK,SG,27,50,0,15.2,5.7,1.2,0.2,1.0,0.5,0.5,0.0,0.4,2.1,4.6,0.461,1.2,3.1,0.397,0.2,0.4,0.667
Larry Nance Jr.,ATL,PF,32,24,3,19.3,8.5,4.3,1.0,3.3,1.6,0.8,0.5,0.7,3.3,6.5,0.516,1.4,3.2,0.447,0.4,0.5,0.692
Lauri Markkanen,UTA,PF,27,47,47,31.4,19.0,5.9,1.5,4.4,1.5,0.7,0.4,1.4,6.3,14.9,0.423,2.9,8.5,0.346,3.4,3.9,0.876
LeBron James,LAL,SF,40,70,70,34.9,24.4,7.8,1.0,6.8,8.2,1.0,0.6,3.7,9.3,18.1,0.513,2.1,5.7,0.376,3.7,4.7,0.782
League Average,,,,,,,,,,,,,,,,,0.467,,,0.36,,,0.78
Leonard Miller,MIN,SF,21,13,0,2.5,1.5,0.8,0.2,0.6,0.0,0.2,0.1,0.2,0.5,1.2,0.4,0.0,0.4,0.0,0.6,0.6,1.0
Lester Quiñones,2TM,SG,24,13,0,14.1,6.6,1.5,0.3,1.2,1.8,0.2,0.2,1.1,2.4,6.0,0.397,1.0,3.4,0.295,0.8,1.0,0.846
Liam Robbins,MIL,C,25,13,0,4.4,0.7,0.9,0.5,0.4,0.2,0.2,0.2,0.5,0.2,0.6,0.25,0.0,0.2,0.0,0.4,0.8,0.5
Lindy Waters III,2TM,SG,27,52,9,15.0,4.9,2.1,0.4,1.7,1.0,0.5,0.2,0.4,1.8,4.8,0.369,1.2,3.6,0.344,0.2,0.2,0.727
Lonnie Walker IV,PHI,SG,26,20,7,23.9,12.4,3.2,0.3,2.9,2.5,0.5,0.3,1.3,4.5,10.6,0.42,2.3,6.4,0.354,1.2,1.5,0.8
Lonzo Ball,CHI,PG,27,35,14,22.2,7.6,3.4,0.7,2.7,3.3,1.3,0.5,1.2,2.5,6.9,0.366,1.9,5.6,0.344,0.6,0.8,0.815
Luguentz Dort,OKC,SF,25,71,71,29.2,10.1,4.1,1.3,2.9,1.6,1.1,0.5,0.7,3.6,8.4,0.435,2.4,5.8,0.412,0.5,0.6,0.717
Luka Dončić,2TM,PG,25,50,50,35.4,28.2,8.2,0.8,7.4,7.7,1.8,0.4,3.6,9.2,20.5,0.45,3.5,9.6,0.368,6.2,7.9,0.782
Luka Garza,MIN,C,26,39,0,5.6,3.5,1.4,0.8,0.6,0.3,0.2,0.1,0.3,1.3,2.7,0.495,0.3,0.9,0.278,0.6,0.9,0.686
Luke Kennard,MEM,SG,28,65,11,22.6,8.9,2.8,0.6,2.2,3.3,0.8,0.1,1.1,3.2,6.6,0.478,1.7,4.0,0.433,0.8,0.9,0.895
Luke Kornet,BOS,C,29,73,16,18.6,6.0,5.3,2.6,2.7,1.6,0.5,1.0,0.4,2.6,3.8,0.668,0.0,0.0,0.0,0.9,1.3,0.691
Luke Travers,CLE,SG,23,12,0,7.3,1.0,1.7,0.7,1.0,0.7,0.1,0.1,0.7,0.4,1.7,0.25,0.0,0.8,0.0,0.2,0.2,1.0
Mac McClung,ORL,SG,26,2,0,5.0,0.0,0.5,0.0,0.5,1.5,0.0,0.0,0.0,0.0,1.0,0.0,0.0,0.5,0.0,0.0,0.0,
Malachi Flynn,CHO,PG,26,4,0,11.0,4.0,1.8,0.8,1.0,1.8,0.8,0.0,1.0,1.3,3.3,0.385,0.3,1.0,0.25,1.3,1.5,0.833
Malaki Branham,SAS,SG,21,47,0,9.1,5.0,1.1,0.1,0.9,0.8,0.2,0.0,0.7,1.9,4.0,0.458,0.7,1.8,0.405,0.6,0.7,0.818
Malcolm Brogdon,WAS,PG,32,24,13,23.5,12.7,3.8,0.9,2.9,4.1,0.5,0.2,1.6,4.3,10.0,0.433,0.7,2.3,0.286,3.4,3.8,0.88
Malevy Leons,OKC,SF,25,6,0,3.5,0.3,0.5,0.2,0.3,0.2,0.0,0.0,0.2,0.0,0.3,0.0,0.0,0.2,0.0,0.3,0.7,0.5
Malik Beasley,DET,SG,28,82,18,27.8,16.3,2.6,0.6,2.0,1.7,0.9,0.1,1.0,5.6,13.1,0.43,3.9,9.3,0.416,1.2,1.7,0.679
Malik Monk,SAC,SG,26,65,45,31.6,17.2,3.8,0.5,3.3,5.6,0.9,0.6,2.4,6.3,14.4,0.439,2.1,6.6,0.325,2.4,2.7,0.865
MarJon Beauchamp,3TM,SF,24,35,0,4.5,2.3,1.3,0.3,0.9,0.3,0.1,0.0,0.4,0.8,1.9,0.415,0.3,0.8,0.345,0.4,0.6,0.75
Marcus Bagley,PHI,SF,23,10,4,25.3,6.7,7.0,2.3,4.7,1.0,0.9,1.2,0.7,2.7,6.9,0.391,0.5,3.2,0.156,0.8,1.0,0.8
Marcus Garrett,CHO,SG,26,4,0,19.8,7.0,1.5,0.3,1.3,3.3,0.8,0.5,1.5,2.8,6.8,0.407,0.8,2.0,0.375,0.8,1.0,0.75
Marcus Sasser,DET,PG,24,57,1,14.2,6.6,1.2,0.3,0.9,2.3,0.6,0.1,0.9,2.4,5.2,0.463,1.0,2.7,0.382,0.8,0.9,0.843
Marcus Smart,2TM,PG,30,34,7,20.0,9.0,2.1,0.5,1.6,3.2,1.1,0.3,1.6,3.0,7.6,0.393,1.4,4.1,0.348,1.6,2.1,0.761
Mark Williams,CHO,C,23,44,41,26.6,15.3,10.2,3.0,7.2,2.5,0.7,1.2,1.6,6.1,10.2,0.604,0.0,0.1,0.0,3.0,3.7,0.804
Markelle Fultz,SAC,PG,26,21,0,8.8,2.9,1.0,0.3,0.7,1.3,0.5,0.1,0.7,1.3,3.2,0.418,0.2,0.4,0.5,0.0,0.0,1.0
Markieff Morris,2TM,PF,35,15,2,11.0,3.7,1.5,0.2,1.3,1.4,0.1,0.2,0.3,1.4,4.7,0.3,0.6,2.4,0.25,0.3,0.4,0.833
Marvin Bagley III,2TM,PF,25,31,2,8.5,4.4,2.7,1.2,1.5,0.4,0.3,0.3,0.4,1.8,3.4,0.519,0.1,0.6,0.158,0.7,1.1,0.657
Mason Jones,SAC,SG,26,10,0,4.5,2.3,0.9,0.2,0.7,1.1,0.0,0.1,0.1,0.9,1.8,0.5,0.1,0.8,0.125,0.4,0.5,0.8
Mason Plumlee,PHO,C,34,74,21,17.6,4.5,6.1,1.6,4.6,1.8,0.4,0.6,0.8,1.7,2.7,0.619,0.0,0.1,0.0,1.1,1.7,0.648
Matas Buzelis,CHI,SF,20,80,31,18.9,8.6,3.5,0.7,2.8,1.0,0.4,0.9,0.9,3.2,6.9,0.454,1.2,3.3,0.361,1.1,1.4,0.815
Matisse Thybulle,POR,SG,27,15,5,20.8,7.5,3.5,0.9,2.5,1.9,2.2,0.6,0.9,2.8,5.9,0.477,1.4,3.2,0.438,0.5,1.0,0.467
Matt Ryan,NYK,SF,27,19,0,3.6,1.5,0.4,0.0,0.4,0.2,0.1,0.0,0.2,0.5,1.6,0.323,0.3,1.0,0.316,0.1,0.1,1.0
Max Christie,2TM,SG,21,78,36,27.3,9.6,3.3,0.5,2.8,1.9,0.8,0.4,1.1,3.2,7.6,0.427,1.5,4.0,0.366,1.7,1.9,0.855
Max Strus,CLE,SF,28,50,37,25.5,9.4,4.3,1.1,3.3,3.2,0.5,0.2,1.1,3.3,7.5,0.442,2.3,5.9,0.386,0.6,0.7,0.824
Maxi Kleber,DAL,PF,33,34,4,18.7,3.0,2.8,0.7,2.1,1.3,0.3,0.5,0.7,1.1,2.8,0.385,0.4,1.4,0.265,0.5,0.6,0.762
Maxwell Lewis,2TM,SF,22,28,1,11.7,4.1,2.0,0.6,1.3,0.7,0.3,0.3,0.5,1.6,3.9,0.417,0.7,1.8,0.38,0.3,0.4,0.7
Micah Potter,UTA,C,26,38,10,18.6,4.3,4.3,1.1,3.2,0.8,0.4,0.4,0.8,1.5,3.6,0.422,0.8,2.6,0.316,0.4,0.5,0.85
Michael Porter Jr.,DEN,SF,26,77,77,33.7,18.2,7.0,1.8,5.2,2.1,0.6,0.5,1.4,6.9,13.6,0.504,2.5,6.4,0.395,1.9,2.5,0.768
Mikal Bridges,NYK,SF,28,82,82,37.0,17.6,3.2,0.9,2.3,3.7,0.9,0.5,1.6,7.2,14.4,0.5,2.0,5.6,0.354,1.2,1.4,0.814
Mike Conley,MIN,PG,37,71,64,24.7,8.2,2.6,0.5,2.1,4.5,1.1,0.2,1.1,2.6,6.6,0.4,1.8,4.4,0.41,1.1,1.3,0.9
Miles Bridges,CHO,PF,26,64,64,31.7,20.3,7.5,1.1,6.4,3.9,0.7,0.7,2.1,7.3,17.0,0.431,2.2,7.0,0.313,3.5,4.0,0.87
Miles McBride,NYK,SG,24,64,10,24.9,9.5,2.5,0.7,1.8,2.9,1.0,0.3,0.6,3.5,8.5,0.406,1.8,4.9,0.369,0.8,1.0,0.813
Miles Norris,BOS,PF,24,3,0,11.7,2.3,3.0,0.7,2.3,0.0,0.7,0.3,0.0,0.7,3.0,0.222,0.7,2.3,0.286,0.3,0.7,0.5
Mitchell Robinson,NYK,C,26,17,3,17.1,5.1,5.9,3.1,2.9,0.8,0.9,1.1,0.6,2.2,3.3,0.661,0.0,0.0,,0.8,1.1,0.684
Mo Bamba,2TM,C,26,32,2,12.9,4.3,4.5,1.0,3.5,0.6,0.3,1.0,0.6,1.6,3.5,0.464,0.5,1.7,0.278,0.6,0.8,0.704
Monte Morris,PHO,PG,29,45,0,12.7,5.2,1.5,0.3,1.2,1.6,0.4,0.1,0.5,1.8,4.3,0.426,0.7,1.9,0.36,0.8,0.9,0.857
Moritz Wagner,ORL,C,27,30,1,18.8,12.9,4.9,1.3,3.6,1.4,0.8,0.4,1.6,4.7,8.3,0.562,0.9,2.5,0.36,2.6,3.7,0.718
Moses Brown,2TM,C,25,13,2,9.2,5.8,3.4,0.9,2.5,0.2,0.5,0.3,0.8,2.6,3.8,0.694,0.0,0.0,,0.6,0.8,0.727
Moses Moody,GSW,SG,22,74,34,22.3,9.8,2.6,0.7,1.9,1.3,0.8,0.4,0.7,3.3,7.7,0.433,1.7,4.6,0.374,1.4,1.8,0.797
Mouhamed Gueye,ATL,PF,22,33,28,16.2,6.0,4.2,1.3,2.9,0.8,0.8,1.0,0.5,2.2,5.2,0.421,0.6,2.5,0.259,1.0,1.3,0.762
Moussa Diabaté,CHO,C,23,71,8,17.5,5.7,6.2,2.6,3.5,0.8,0.6,0.6,0.9,2.4,3.9,0.596,0.0,0.1,0.0,1.0,1.6,0.595
Myles Turner,IND,C,28,72,72,30.2,15.6,6.5,1.3,5.3,1.5,0.8,2.0,1.7,5.4,11.3,0.481,2.2,5.5,0.396,2.6,3.3,0.773
N'Faly Dante,HOU,C,23,4,0,12.8,6.0,5.3,1.5,3.8,0.5,0.3,1.3,0.5,2.5,3.3,0.769,0.0,0.0,,1.0,1.3,0.8
Nae'Qwan Tomlin,CLE,PF,24,5,1,12.6,7.2,4.2,1.8,2.4,0.4,0.0,0.2,0.4,2.6,6.4,0.406,0.4,2.0,0.2,1.6,2.2,0.727
Naji Marshall,DAL,SF,27,69,31,27.8,13.2,4.8,1.1,3.7,3.0,1.0,0.2,1.6,5.2,10.3,0.508,0.9,3.2,0.275,1.9,2.3,0.813
Nate Williams,HOU,SG,25,20,0,7.4,3.3,0.7,0.3,0.4,0.5,0.4,0.2,0.7,1.4,3.1,0.435,0.3,1.3,0.231,0.3,0.4,0.625
Naz Reid,MIN,C,25,80,17,27.5,14.2,6.0,1.2,4.9,2.3,0.7,0.9,1.4,5.3,11.5,0.462,2.2,5.8,0.379,1.4,1.8,0.776
Neemias Queta,BOS,C,25,62,6,13.9,5.0,3.8,1.4,2.4,0.7,0.3,0.7,0.6,2.1,3.3,0.65,0.0,0.0,0.0,0.7,1.0,0.754
Nic Claxton,BRK,C,25,70,62,26.9,10.3,7.4,2.2,5.1,2.2,0.9,1.4,1.2,4.6,8.1,0.563,0.1,0.3,0.238,1.1,2.2,0.513
Nick Richards,2TM,C,27,57,43,22.0,9.3,8.2,2.6,5.6,0.9,0.2,1.0,1.4,3.6,6.1,0.591,0.0,0.0,0.0,2.1,2.8,0.744
Nick Smith Jr.,CHO,SG,20,60,27,22.8,9.9,2.1,0.2,1.9,2.4,0.3,0.1,1.4,3.7,9.5,0.391,1.7,5.1,0.34,0.7,0.8,0.935
Nickeil Alexander-Walker,MIN,SG,26,82,10,25.3,9.4,3.2,0.7,2.6,2.7,0.6,0.4,1.2,3.3,7.5,0.438,1.7,4.5,0.381,1.1,1.4,0.78
Nicolas Batum,LAC,PF,36,78,8,17.5,4.0,2.8,0.6,2.2,1.1,0.7,0.5,0.4,1.3,3.1,0.437,1.1,2.6,0.433,0.2,0.3,0.81
Nikola Jokić,DEN,C,29,70,70,36.7,29.6,12.7,2.9,9.9,10.2,1.8,0.6,3.3,11.2,19.5,0.576,2.0,4.7,0.417,5.2,6.4,0.8
Nikola Jović,MIA,PF,21,46,10,25.1,10.7,3.9,0.6,3.3,2.8,0.8,0.3,1.3,3.7,8.2,0.456,1.7,4.6,0.371,1.6,1.9,0.828
Nikola Vučević,CHI,C,34,73,72,31.2,18.5,10.1,2.4,7.6,3.5,0.8,0.7,1.6,7.5,14.2,0.53,1.8,4.4,0.402,1.6,2.0,0.805
Noah Clowney,BRK,PF,20,46,20,22.7,9.1,3.9,0.9,3.0,0.9,0.5,0.5,1.0,2.9,8.1,0.358,1.9,5.7,0.333,1.5,1.7,0.838
Norman Powell,LAC,SG,31,60,60,32.6,21.8,3.2,0.4,2.8,2.1,1.2,0.2,1.8,7.6,15.8,0.484,3.0,7.1,0.418,3.6,4.4,0.804
OG Anunoby,NYK,PF,27,74,74,36.6,18.0,4.8,1.3,3.5,2.2,1.5,0.9,1.4,6.6,13.9,0.476,2.3,6.2,0.372,2.5,3.1,0.81
Obi Toppin,IND,PF,26,79,4,19.6,10.5,4.0,0.7,3.3,1.6,0.6,0.4,0.9,4.0,7.6,0.529,1.4,3.8,0.365,1.1,1.4,0.781
Ochai Agbaji,TOR,SG,24,64,45,27.2,10.4,3.8,1.0,2.8,1.5,0.9,0.5,0.8,4.2,8.3,0.498,1.6,4.0,0.399,0.5,0.8,0.708
Olivier-Maxence Prosper,DAL,PF,22,52,4,11.2,3.9,2.4,0.8,1.6,0.8,0.5,0.1,0.3,1.3,3.3,0.402,0.2,1.0,0.235,0.9,1.5,0.645
Onyeka Okongwu,ATL,C,24,74,40,27.9,13.4,8.9,3.0,5.9,2.3,0.9,0.9,1.2,5.2,9.2,0.567,0.6,2.0,0.324,2.2,2.9,0.759
Orlando Robinson,2TM,C,24,44,8,17.5,6.9,5.0,2.0,3.0,1.8,0.4,0.4,1.1,2.6,5.9,0.444,0.4,1.2,0.327,1.2,1.6,0.771
Oscar Tshiebwe,UTA,C,25,14,1,18.2,7.6,8.7,3.3,5.4,0.6,0.9,0.1,0.7,3.0,5.0,0.6,0.0,0.0,,1.6,2.2,0.742
Oshae Brissett,PHI,SF,26,6,2,23.7,8.7,3.7,1.2,2.5,0.7,0.7,0.5,1.3,3.2,6.5,0.487,1.0,3.0,0.333,1.3,2.3,0.571
Oso Ighodaro,PHO,PF,22,61,6,17.1,4.2,3.6,1.1,2.6,1.2,0.5,0.5,0.6,1.9,3.1,0.604,0.0,0.0,0.0,0.5,0.8,0.58
Ousmane Dieng,OKC,C,21,37,1,10.9,3.8,2.2,0.5,1.7,0.8,0.5,0.2,0.5,1.5,3.4,0.432,0.6,1.9,0.324,0.3,0.4,0.688
P.J. Tucker,NYK,SF,39,3,1,19.3,3.0,2.7,1.3,1.3,0.0,0.3,0.3,0.3,1.0,2.3,0.429,1.0,2.0,0.5,0.0,0.0,
P.J. Washington,DAL,PF,26,57,56,32.2,14.7,7.8,1.4,6.3,2.3,1.1,1.1,2.1,5.3,11.7,0.453,1.6,4.2,0.381,2.5,3.5,0.722
PJ Dozier,MIN,SG,28,9,0,3.9,0.8,0.6,0.1,0.4,0.6,0.1,0.0,0.1,0.2,0.3,0.667,0.2,0.3,0.667,0.1,0.7,0.167
PJ Hall,DEN,C,22,19,0,3.5,1.7,1.2,0.3,0.8,0.2,0.0,0.2,0.1,0.7,1.3,0.583,0.1,0.4,0.25,0.2,0.2,0.75
Pacôme Dadiet,NYK,SG,19,18,0,6.2,1.7,1.0,0.2,0.8,0.3,0.2,0.1,0.2,0.6,1.7,0.323,0.3,1.1,0.316,0.2,0.3,0.667
Paolo Banchero,ORL,PF,22,46,46,34.4,25.9,7.5,1.1,6.4,4.8,0.8,0.6,3.0,9.0,19.8,0.452,1.9,5.9,0.32,6.1,8.4,0.727
Pascal Siakam,IND,PF,30,78,78,32.7,20.2,6.9,1.7,5.2,3.4,0.9,0.5,1.4,7.9,15.2,0.519,1.6,4.2,0.389,2.9,3.9,0.734
Pat Connaughton,MIL,SG,32,41,1,14.7,5.3,2.7,0.5,2.2,1.7,0.2,0.3,0.6,2.0,4.3,0.469,0.6,2.0,0.321,0.6,0.8,0.774
Pat Spencer,GSW,PG,28,39,0,6.4,2.5,1.2,0.4,0.8,1.2,0.4,0.1,0.5,1.1,2.6,0.406,0.1,0.6,0.227,0.3,0.4,0.733
Patrick Baldwin Jr.,2TM,SF,22,24,0,4.5,2.2,1.0,0.2,0.8,0.1,0.1,0.1,0.2,0.8,1.5,0.543,0.5,1.0,0.565,0.1,0.2,0.5
Patrick Williams,CHI,PF,23,63,36,25.0,9.0,3.8,0.7,3.1,2.0,0.8,0.5,1.4,3.3,8.2,0.397,1.5,4.3,0.353,1.0,1.3,0.723
Patty Mills,2TM,PG,36,29,0,11.1,3.8,0.8,0.1,0.6,0.9,0.4,0.1,0.6,1.2,3.3,0.375,0.9,2.6,0.347,0.4,0.5,0.929
Paul George,PHI,PF,34,41,41,32.5,16.2,5.3,0.6,4.8,4.3,1.8,0.5,2.6,6.0,13.9,0.43,2.3,6.5,0.358,1.9,2.4,0.814
Paul Reed,DET,C,25,45,0,9.7,4.1,2.7,0.9,1.8,1.0,0.9,0.6,0.6,1.6,3.2,0.507,0.2,0.6,0.286,0.7,0.9,0.762
Payton Pritchard,BOS,PG,27,80,3,28.4,14.3,3.8,1.3,2.6,3.5,0.9,0.2,1.0,5.1,10.8,0.472,3.2,7.8,0.407,0.9,1.1,0.845
Pelle Larsson,MIA,SG,23,55,8,14.2,4.6,1.7,0.5,1.2,1.2,0.6,0.1,0.4,1.6,3.7,0.438,0.6,1.7,0.337,0.7,1.1,0.672
Pete Nance,2TM,C,24,13,1,10.6,2.9,1.6,0.4,1.2,0.8,0.2,0.2,0.3,1.1,2.5,0.438,0.7,1.8,0.375,0.1,0.2,0.5
Peyton Watson,DEN,SF,22,68,18,24.4,8.1,3.4,0.7,2.7,1.4,0.7,1.4,0.8,3.0,6.3,0.477,0.7,2.0,0.353,1.4,2.0,0.693
Phillip Wheeler,PHI,PF,22,5,0,8.8,1.6,1.6,0.4,1.2,0.4,0.2,0.4,0.2,0.6,4.2,0.143,0.0,2.0,0.0,0.4,0.4,1.0
Precious Achiuwa,NYK,C,25,57,10,20.5,6.6,5.6,1.8,3.8,1.0,0.8,0.7,0.8,2.9,5.7,0.502,0.2,0.6,0.278,0.7,1.2,0.594
Quentin Grimes,2TM,SG,24,75,37,26.8,14.6,4.3,0.8,3.5,3.0,1.0,0.3,1.9,5.1,11.0,0.467,2.2,5.6,0.385,2.2,2.9,0.757
Quenton Jackson,IND,PG,26,28,7,13.6,5.8,1.6,0.5,1.1,1.9,0.8,0.2,0.6,2.1,4.4,0.475,0.5,1.4,0.375,1.1,1.4,0.775
Quincy Olivari,LAL,PG,23,2,0,5.0,1.5,0.0,0.0,0.0,0.5,0.0,0.0,0.5,0.5,2.5,0.2,0.5,2.5,0.2,0.0,0.0,
Quinten Post,GSW,PF,24,42,14,16.3,8.1,3.5,0.8,2.7,1.3,0.4,0.4,0.8,2.9,6.5,0.449,1.7,4.3,0.408,0.5,0.6,0.778
RJ Barrett,TOR,SF,24,58,58,32.2,21.1,6.3,1.1,5.3,5.4,0.8,0.3,2.8,7.9,16.9,0.468,1.8,5.3,0.35,3.4,5.4,0.63
RayJ Dennis,IND,PG,23,11,0,6.4,2.7,1.1,0.2,0.9,1.3,0.6,0.2,0.5,1.0,3.0,0.333,0.5,1.9,0.286,0.2,0.2,1.0
Rayan Rupert,POR,SG,20,52,0,8.8,3.0,1.3,0.5,0.8,0.5,0.3,0.1,0.6,1.1,2.7,0.408,0.3,1.1,0.271,0.4,0.6,0.767
Reece Beekman,2TM,PG,23,36,4,13.0,2.6,1.1,0.4,0.7,1.8,0.9,0.1,0.6,1.0,3.0,0.327,0.2,1.1,0.175,0.4,0.6,0.762
Reed Sheppard,HOU,PG,20,52,3,12.6,4.4,1.5,0.3,1.2,1.4,0.7,0.3,0.7,1.6,4.6,0.351,0.9,2.7,0.338,0.3,0.3,0.813
Reggie Jackson,PHI,PG,34,31,1,12.4,4.4,1.4,0.3,1.1,1.5,0.5,0.1,0.5,1.7,4.3,0.391,0.8,2.4,0.338,0.2,0.3,0.778
Richaun Holmes,WAS,PF,31,31,7,17.2,7.4,5.7,2.0,3.7,1.4,0.3,0.7,0.7,2.9,4.5,0.647,0.0,0.1,0.0,1.6,1.9,0.833
Ricky Council IV,PHI,SF,23,73,12,17.1,7.3,2.9,0.7,2.2,1.3,0.4,0.2,0.7,2.4,6.3,0.382,0.8,2.9,0.258,1.7,2.1,0.804
Riley Minix,SAS,SF,24,1,0,7.0,0.0,2.0,0.0,2.0,0.0,0.0,0.0,0.0,0.0,1.0,0.0,0.0,1.0,0.0,0.0,0.0,
Rob Dillingham,MIN,PG,20,49,1,10.5,4.5,1.0,0.2,0.8,2.0,0.4,0.0,1.1,1.9,4.3,0.441,0.5,1.5,0.338,0.2,0.3,0.533
Robert Williams,POR,C,27,20,3,17.6,5.8,5.9,1.8,4.2,1.1,0.7,1.7,0.9,2.5,3.9,0.641,0.1,0.2,0.333,0.8,0.9,0.882
Ron Harper Jr.,DET,SF,24,1,0,17.0,4.0,7.0,4.0,3.0,2.0,0.0,0.0,0.0,1.0,8.0,0.125,0.0,6.0,0.0,2.0,2.0,1.0
Ron Holland,DET,SF,19,81,2,15.6,6.4,2.7,0.5,2.2,1.0,0.6,0.2,0.9,2.4,5.1,0.474,0.4,1.9,0.238,1.1,1.5,0.754
Royce O'Neale,PHO,SF,31,75,22,24.5,9.1,4.7,0.7,3.9,2.2,0.9,0.5,0.9,3.2,7.6,0.423,2.4,5.9,0.406,0.3,0.3,0.731
Rudy Gobert,MIN,C,32,72,72,33.2,12.0,10.9,3.7,7.2,1.8,0.8,1.4,1.2,4.7,7.1,0.669,0.0,0.0,,2.6,3.8,0.674
Rui Hachimura,LAL,PF,26,59,57,31.7,13.1,5.0,1.3,3.7,1.4,0.8,0.4,0.8,5.0,9.8,0.509,1.7,4.2,0.413,1.5,1.9,0.77
Russell Westbrook,DEN,PG,36,75,36,27.9,13.3,4.9,1.4,3.6,6.1,1.4,0.5,3.2,5.0,11.1,0.449,1.3,3.9,0.323,2.1,3.1,0.661
Ryan Dunn,PHO,SF,22,74,44,19.1,6.9,3.6,1.2,2.4,0.8,0.6,0.5,0.5,2.8,6.4,0.43,1.1,3.6,0.311,0.3,0.5,0.487
Ryan Rollins,MIL,PG,22,56,19,14.6,6.2,1.9,0.4,1.6,1.9,0.8,0.3,0.9,2.4,4.8,0.487,0.9,2.1,0.408,0.6,0.8,0.8
Sam Hauser,BOS,PF,27,71,19,21.7,8.5,3.2,0.6,2.5,0.9,0.6,0.2,0.3,3.0,6.7,0.451,2.3,5.6,0.416,0.2,0.2,1.0
Sam Merrill,CLE,SG,28,71,4,19.7,7.2,2.2,0.5,1.7,1.5,0.7,0.2,0.5,2.4,6.0,0.406,1.9,5.2,0.372,0.4,0.4,0.966
Sandro Mamukelashvili,SAS,PF,25,61,0,11.2,6.3,3.1,1.0,2.0,0.8,0.4,0.3,0.4,2.3,4.6,0.502,1.0,2.6,0.373,0.7,1.0,0.741
Santi Aldama,MEM,PF,24,65,16,25.5,12.5,6.4,1.4,5.0,2.9,0.8,0.4,1.1,4.8,10.0,0.483,1.8,5.0,0.368,1.0,1.4,0.691
Scoot Henderson,POR,PG,20,66,10,26.7,12.7,3.0,0.8,2.2,5.1,1.0,0.2,2.7,4.3,10.4,0.419,1.6,4.5,0.354,2.4,3.1,0.767
Scottie Barnes,TOR,PF,23,65,65,32.8,19.3,7.7,1.7,6.0,5.8,1.4,1.0,2.8,7.3,16.4,0.446,1.2,4.3,0.271,3.5,4.6,0.755
Scotty Pippen Jr.,MEM,PG,24,79,21,21.3,9.9,3.3,0.8,2.5,4.4,1.3,0.4,1.7,3.6,7.5,0.48,1.1,2.8,0.397,1.5,2.2,0.713
Seth Curry,CHO,SG,34,68,14,15.6,6.5,1.7,0.4,1.3,0.9,0.4,0.1,0.5,2.4,5.0,0.478,1.2,2.7,0.456,0.5,0.6,0.846
Shaedon Sharpe,POR,SG,21,72,52,31.3,18.5,4.5,0.9,3.6,2.8,0.9,0.2,2.1,6.9,15.3,0.452,2.0,6.6,0.311,2.6,3.4,0.785
Shai Gilgeous-Alexander,OKC,PG,26,76,76,34.2,32.7,5.0,0.9,4.1,6.4,1.7,1.0,2.4,11.3,21.8,0.519,2.1,5.7,0.375,7.9,8.8,0.898
Shake Milton,2TM,SG,28,57,2,14.7,5.5,1.8,0.5,1.3,1.8,0.4,0.1,0.7,2.0,4.5,0.453,0.7,1.9,0.358,0.8,1.0,0.797
Sidy Cissoko,2TM,SF,20,22,0,5.2,1.5,1.0,0.4,0.6,0.7,0.1,0.0,0.5,0.6,1.4,0.433,0.1,0.6,0.231,0.1,0.4,0.333
Simone Fontecchio,DET,SF,29,75,0,16.5,5.9,2.9,0.7,2.2,0.9,0.4,0.2,0.7,2.0,5.0,0.402,1.0,3.0,0.335,0.9,1.1,0.833
Skal Labissière,SAC,PF,28,4,0,3.0,1.3,0.8,0.3,0.5,0.3,0.0,0.0,0.0,0.5,1.0,0.5,0.3,0.3,1.0,0.0,0.0,
Spencer Dinwiddie,DAL,PG,31,79,30,27.0,11.0,2.6,0.2,2.4,4.4,0.9,0.2,1.3,3.6,8.6,0.416,1.4,4.1,0.334,2.5,3.1,0.802
Spencer Jones,DEN,SF,23,20,0,6.3,1.3,0.9,0.4,0.5,0.3,0.3,0.3,0.3,0.6,1.7,0.324,0.1,0.9,0.059,0.2,0.2,1.0
Stanley Umude,MIL,SG,25,22,0,3.9,0.7,0.8,0.2,0.6,0.2,0.1,0.3,0.1,0.2,1.2,0.192,0.1,0.7,0.2,0.1,0.2,0.5
Stephen Curry,GSW,PG,36,70,70,32.2,24.5,4.4,0.6,3.9,6.0,1.1,0.4,2.9,8.1,18.0,0.448,4.4,11.2,0.397,4.0,4.3,0.933
Stephon Castle,SAS,SG,20,81,47,26.7,14.7,3.7,1.1,2.6,4.1,0.9,0.3,2.2,5.2,12.2,0.428,1.2,4.1,0.285,3.1,4.2,0.724
Steven Adams,HOU,C,31,58,3,13.7,3.9,5.6,2.9,2.8,1.1,0.4,0.5,0.9,1.6,2.9,0.545,0.0,0.0,0.0,0.7,1.6,0.462
Svi Mykhailiuk,UTA,SF,27,38,13,20.0,8.8,2.4,0.6,1.8,2.0,0.5,0.2,1.4,3.1,7.9,0.391,1.8,5.3,0.345,0.7,0.9,0.8
T.J. McConnell,IND,PG,32,79,1,17.9,9.1,2.4,0.6,1.9,4.4,1.1,0.3,1.4,4.1,7.9,0.519,0.2,0.6,0.306,0.7,1.0,0.74
Taj Gibson,CHO,C,39,37,11,11.1,2.9,3.2,1.4,1.9,0.6,0.2,0.5,0.7,1.3,2.6,0.495,0.0,0.1,0.5,0.3,0.5,0.6
Talen Horton-Tucker,CHI,SG,24,58,0,12.5,6.5,1.7,0.3,1.4,1.4,0.4,0.2,0.7,2.3,5.0,0.457,0.7,2.1,0.336,1.2,1.7,0.735
Tari Eason,HOU,PF,23,57,16,24.9,12.0,6.4,2.2,4.1,1.5,1.7,0.9,1.1,4.8,9.8,0.487,1.1,3.2,0.342,1.4,1.8,0.76
Taurean Prince,MIL,SF,30,80,73,27.1,8.2,3.6,0.4,3.2,1.9,1.0,0.2,1.0,2.9,6.4,0.457,1.8,4.2,0.439,0.5,0.6,0.813
Taylor Hendricks,UTA,PF,21,3,3,25.0,4.7,5.0,1.7,3.3,0.7,1.7,1.3,0.7,1.3,6.0,0.222,1.0,4.0,0.25,1.0,1.3,0.75
Taze Moore,POR,SG,26,2,0,10.0,3.0,4.0,2.0,2.0,0.5,1.0,0.0,1.0,1.0,5.0,0.2,0.5,2.0,0.25,0.5,1.0,0.5
Terance Mann,2TM,SG,28,67,13,21.1,7.7,3.0,1.0,2.0,1.8,0.7,0.2,0.7,3.1,6.2,0.496,0.9,2.4,0.368,0.7,1.0,0.691
Terence Davis,SAC,SG,27,1,0,8.0,0.0,1.0,0.0,1.0,1.0,0.0,0.0,0.0,0.0,2.0,0.0,0.0,1.0,0.0,0.0,0.0,
Terrence Shannon Jr.,MIN,SG,24,32,1,10.6,4.3,1.5,0.3,1.2,1.0,0.2,0.2,0.5,1.7,3.6,0.482,0.3,1.0,0.355,0.5,0.7,0.81
Terry Rozier,MIA,PG,30,64,23,25.9,10.6,3.7,0.7,3.0,2.6,0.6,0.2,1.2,3.9,9.9,0.391,1.4,4.8,0.295,1.4,1.7,0.852
Terry Taylor,SAC,PF,25,3,0,2.0,0.0,0.3,0.3,0.0,0.7,0.0,0.0,0.0,0.0,0.3,0.0,0.0,0.0,,0.0,0.0,
Thomas Bryant,2TM,C,27,66,8,14.6,6.5,3.8,1.3,2.5,0.8,0.4,0.6,0.5,2.5,4.9,0.508,0.7,2.2,0.324,0.8,1.0,0.859
Tidjane Salaün,CHO,PF,19,60,10,20.7,5.9,4.7,1.2,3.5,1.2,0.5,0.2,1.0,1.9,5.8,0.33,1.0,3.4,0.283,1.1,1.6,0.713
Tim Hardaway Jr.,DET,SG,32,77,77,28.0,11.0,2.4,0.2,2.1,1.6,0.5,0.1,0.6,3.6,8.8,0.406,2.2,5.9,0.368,1.6,1.9,0.855
Tobias Harris,DET,PF,32,73,73,31.6,13.7,5.9,0.9,5.0,2.2,1.0,0.8,1.2,5.3,11.0,0.477,1.2,3.6,0.345,2.0,2.3,0.861
Tolu Smith,DET,PF,24,1,0,22.0,14.0,8.0,4.0,4.0,0.0,0.0,0.0,2.0,6.0,9.0,0.667,0.0,0.0,,2.0,3.0,0.667
Tony Bradley,IND,C,27,14,0,8.1,4.4,3.0,1.3,1.7,0.4,0.1,0.6,0.4,2.1,3.2,0.644,0.1,0.2,0.333,0.1,0.4,0.333
Torrey Craig,2TM,SF,34,26,4,12.1,4.2,2.8,1.0,1.8,0.7,0.3,0.5,0.3,1.5,3.5,0.422,0.9,2.5,0.364,0.3,0.5,0.667
Tosan Evbuomwan,BRK,SF,23,28,0,23.8,9.5,4.3,1.1,3.1,2.0,0.9,0.4,1.4,3.4,7.9,0.427,0.9,2.8,0.312,2.0,2.6,0.753
Toumani Camara,POR,PF,24,78,78,32.7,11.3,5.8,2.2,3.6,2.2,1.5,0.6,1.4,4.2,9.2,0.458,1.7,4.6,0.375,1.2,1.6,0.722
Trae Young,ATL,PG,26,76,76,36.0,24.2,3.1,0.5,2.6,11.6,1.2,0.2,4.7,7.4,18.1,0.411,2.9,8.4,0.34,6.5,7.4,0.875
Trayce Jackson-Davis,GSW,C,24,62,37,15.6,6.6,5.0,2.0,3.0,1.7,0.4,0.6,0.7,2.8,4.9,0.576,0.0,0.0,0.0,1.0,1.6,0.578
Tre Jones,2TM,PG,25,46,9,19.7,7.2,2.5,0.7,1.8,4.2,0.8,0.2,0.8,2.8,5.2,0.538,0.4,1.0,0.396,1.2,1.5,0.821
Tre Mann,CHO,PG,23,13,0,24.5,14.1,2.9,0.9,2.0,3.0,0.5,0.3,1.9,5.4,12.4,0.435,1.8,4.6,0.4,1.5,1.6,0.905
Trendon Watford,BRK,PF,24,44,6,20.8,10.2,3.6,0.8,2.8,2.6,0.6,0.3,1.9,3.7,8.0,0.469,0.7,2.0,0.33,2.1,2.8,0.762
Trentyn Flowers,LAC,SF,19,6,0,4.5,1.8,0.7,0.2,0.5,0.0,0.0,0.0,0.2,0.7,1.8,0.364,0.0,0.3,0.0,0.5,0.5,1.0
Trevelin Queen,ORL,SG,27,31,2,13.9,4.9,1.7,0.8,0.9,1.2,1.0,0.3,0.7,1.8,4.7,0.381,0.7,2.5,0.286,0.6,0.7,0.857
Trey Alexander,DEN,SG,21,24,0,4.9,1.3,0.5,0.0,0.5,0.5,0.1,0.0,0.2,0.5,1.7,0.317,0.1,0.7,0.176,0.1,0.2,0.75
Trey Jemison,2TM,C,25,38,0,10.3,2.5,2.8,1.2,1.6,0.4,0.2,0.4,0.6,1.1,1.9,0.554,0.0,0.0,,0.3,0.9,0.394
Trey Lyles,SAC,PF,29,69,5,19.6,6.5,4.6,1.2,3.4,1.2,0.6,0.3,0.6,2.3,5.4,0.42,1.2,3.4,0.34,0.8,1.2,0.7
Trey Murphy III,NOP,SF,24,53,51,35.0,21.2,5.1,0.9,4.2,3.5,1.1,0.7,1.9,7.2,15.8,0.454,3.0,8.3,0.361,3.8,4.3,0.887
Tristan Da Silva,ORL,SF,23,74,38,22.0,7.2,3.3,1.0,2.3,1.5,0.4,0.2,0.8,2.7,6.5,0.412,1.1,3.2,0.335,0.7,0.9,0.873
Tristan Thompson,CLE,C,33,40,0,8.2,1.7,3.4,0.8,2.6,0.6,0.1,0.3,0.4,0.8,1.8,0.437,0.0,0.1,0.0,0.2,0.8,0.233
Tristan Vukcevic,WAS,C,21,35,1,14.7,9.4,3.7,0.7,3.0,1.1,0.3,0.7,1.2,3.4,6.9,0.496,1.1,2.9,0.373,1.5,1.9,0.776
Tristen Newton,2TM,SG,23,8,0,2.0,0.4,0.5,0.3,0.3,0.3,0.1,0.0,0.3,0.1,1.0,0.125,0.0,0.4,0.0,0.1,0.1,1.0
Ty Jerome,CLE,SG,27,70,3,19.9,12.5,2.5,0.7,1.8,3.4,1.1,0.0,1.3,4.6,8.8,0.516,1.6,3.6,0.439,1.8,2.1,0.872
TyTy Washington Jr.,PHO,PG,23,16,0,7.4,2.2,0.8,0.3,0.6,1.0,0.2,0.0,0.2,0.9,2.8,0.311,0.3,1.3,0.19,0.2,0.4,0.5
Tyler Herro,MIA,SG,25,77,77,35.4,23.9,5.2,0.5,4.7,5.5,0.9,0.2,2.6,8.5,17.9,0.472,3.3,8.7,0.375,3.7,4.2,0.878
Tyler Kolek,NYK,PG,23,41,0,7.2,2.0,0.7,0.2,0.5,1.7,0.3,0.1,0.4,0.7,2.0,0.329,0.3,1.1,0.298,0.3,0.4,0.765
Tyler Smith,MIL,PF,20,23,0,5.3,2.9,1.1,0.3,0.8,0.2,0.1,0.2,0.3,1.0,2.2,0.48,0.6,1.3,0.433,0.3,0.3,0.75
Tyrese Haliburton,IND,PG,24,73,73,33.6,18.6,3.5,0.6,3.0,9.2,1.4,0.7,1.6,6.5,13.8,0.473,3.0,7.7,0.388,2.6,3.0,0.851
Tyrese Martin,BRK,SG,25,60,11,21.9,8.7,3.7,1.0,2.7,2.0,0.6,0.2,1.2,3.2,7.8,0.406,1.7,4.7,0.351,0.8,1.0,0.793
Tyrese Maxey,PHI,PG,24,52,52,37.7,26.3,3.3,0.3,3.1,6.1,1.8,0.4,2.4,9.2,21.0,0.437,3.1,9.2,0.337,4.9,5.6,0.879
Tyson Etienne,BRK,PG,25,7,0,21.6,7.9,1.3,0.4,0.9,1.7,0.4,0.1,1.1,2.4,7.4,0.327,1.9,6.3,0.295,1.1,1.4,0.8
Tyus Jones,PHO,PG,28,81,58,26.8,10.2,2.4,0.5,1.9,5.3,0.9,0.1,1.1,3.8,8.4,0.448,2.0,5.0,0.414,0.6,0.7,0.895
Ulrich Chomche,TOR,PF,19,7,0,4.6,0.7,1.1,0.6,0.6,0.3,0.0,0.1,0.3,0.3,0.7,0.4,0.0,0.0,,0.1,0.3,0.5
Vasilije Micić,2TM,PG,31,41,16,19.1,6.6,2.2,0.5,1.7,3.1,0.4,0.0,1.9,2.3,6.7,0.348,1.1,3.0,0.36,0.8,1.0,0.829
Victor Wembanyama,SAS,C,21,46,46,33.2,24.3,11.0,1.8,9.2,3.7,1.1,3.8,3.2,8.9,18.6,0.476,3.1,8.8,0.352,3.4,4.1,0.836
Vince Williams Jr.,MEM,SG,24,27,5,18.5,6.6,3.6,0.8,2.8,2.0,0.4,0.3,1.2,2.5,6.2,0.401,1.0,3.5,0.274,0.7,0.9,0.792
Vlatko Čančar,DEN,PF,27,13,0,10.5,1.8,2.5,0.5,2.0,0.7,0.2,0.2,0.8,0.8,2.0,0.385,0.3,1.2,0.267,0.0,0.0,
Vít Krejčí,ATL,PG,24,57,16,20.2,7.2,2.7,0.4,2.4,2.6,0.6,0.5,0.9,2.5,5.1,0.497,1.6,3.6,0.437,0.6,0.8,0.711
Walker Kessler,UTA,C,23,58,58,30.0,11.1,12.2,4.6,7.6,1.7,0.6,2.4,1.5,4.8,7.2,0.663,0.1,0.6,0.176,1.4,2.6,0.52
Wendell Carter Jr.,ORL,C,25,68,51,25.9,9.1,7.2,2.2,5.0,2.0,0.8,0.6,1.1,3.3,7.2,0.46,0.5,2.3,0.234,1.9,2.6,0.737
Wendell Moore Jr.,2TM,SG,23,36,1,13.9,4.2,2.6,0.8,1.8,1.2,0.6,0.1,0.8,1.6,3.5,0.468,0.4,1.1,0.341,0.5,0.6,0.818
Xavier Tillman Sr.,BOS,C,26,33,2,7.0,1.0,1.3,0.3,1.0,0.2,0.3,0.2,0.4,0.4,1.6,0.245,0.2,1.0,0.156,0.1,0.1,0.75
Yuki Kawamura,MEM,PG,23,22,0,4.2,1.6,0.5,0.0,0.5,0.9,0.1,0.0,0.2,0.5,1.4,0.367,0.3,1.0,0.304,0.3,0.4,0.778
Yuri Collins,GSW,PG,23,2,0,8.0,1.0,1.5,1.0,0.5,2.0,1.0,0.0,0.0,0.5,1.5,0.333,0.0,0.0,,0.0,0.0,
Yves Missi,NOP,C,20,73,67,26.8,9.1,8.2,3.5,4.7,1.4,0.5,1.3,1.1,3.7,6.7,0.547,0.0,0.0,0.0,1.7,2.8,0.623
Zaccharie Risacher,ATL,SF,19,75,73,24.6,12.6,3.6,1.1,2.4,1.2,0.7,0.5,1.2,4.8,10.4,0.458,1.6,4.6,0.355,1.4,2.0,0.711
Zach Collins,2TM,PF,27,64,12,15.3,6.4,4.5,1.6,2.9,1.7,0.5,0.5,0.9,2.4,4.7,0.507,0.5,1.7,0.302,1.1,1.2,0.885
Zach Edey,MEM,C,22,66,55,21.5,9.2,8.3,3.5,4.8,1.0,0.5,1.3,1.3,3.8,6.6,0.58,0.3,0.8,0.346,1.4,1.9,0.709
Zach LaVine,2TM,SG,29,74,74,35.2,23.3,4.3,0.3,4.0,4.2,0.8,0.2,2.8,8.4,16.5,0.511,3.2,7.2,0.446,3.2,3.9,0.825
Zeke Nnaji,DEN,PF,24,57,4,10.7,3.2,1.6,0.6,1.0,0.4,0.4,0.7,0.2,1.2,2.5,0.496,0.3,0.9,0.327,0.5,0.8,0.614
Ziaire Williams,BRK,SF,23,63,45,24.5,10.0,4.6,1.0,3.6,1.3,1.0,0.4,1.1,3.4,8.3,0.412,1.6,4.8,0.341,1.6,2.0,0.821
Zion Williamson,NOP,PF,24,30,30,28.6,24.6,7.2,2.5,4.7,5.3,1.2,0.9,3.0,9.6,16.9,0.567,0.1,0.4,0.231,5.3,8.0,0.656
Zyon Pullin,MEM,SG,23,3,0,1.0,0.0,0.0,0.0,0.0,0.0,0.0,0.0,0.0,0.0,0.3,0.0,0.0,0.0,,0.0,0.0,
