leaderboard,rank,player,team_or_v1,v2,v3,v4
blocks_per_game,1,Victor Wembanyama,SAS,3.1,,
blocks_per_game,2,Chet Holmgren,OKC,1.9,,
blocks_per_game,3,Jay Huff,IND,1.9,,
blocks_per_game,4,Evan Mobley,CLE,1.7,,
blocks_per_game,5,Donovan Clingan,POR,1.7,,
blocks_per_game,6,Rudy Gobert,MIN,1.6,,
blocks_per_game,7,Myles Turner,MIL,1.6,,
blocks_per_game,8,Isaiah Stewart,DET,1.6,,
blocks_per_game,9,Yves Missi,NOP,1.5,,
blocks_per_game,10,Matas Buzelis,CHI,1.5,,
blocks_per_game,11,Robert Williams III,POR,1.5,,
blocks_per_game,12,Ryan Kalkbrenner,CHA,1.5,,
blocks_per_game,13,Scottie Barnes,TOR,1.5,,
blocks_per_game,14,Neemias Queta,BOS,1.3,,
blocks_per_game,15,Derrick White,BOS,1.3,,
blocks_per_game,16,Mitchell Robinson,NYK,1.2,,
blocks_per_game,17,Brook Lopez,LAC,1.2,,
blocks_per_game,18,Adem Bona,PHI,1.2,,
blocks_per_game,19,Nic Claxton,BKN,1.1,,
blocks_per_game,20,Kel'el Ware,MIA,1.1,,
blocks_per_game,21,Alperen Sengun,HOU,1.1,,
blocks_per_game,22,Onyeka Okongwu,ATL,1.1,,
blocks_per_game,23,Andrew Wiggins,MIA,1.0,,
blocks_per_game,24,Naz Reid,MIN,1.0,,
blocks_per_game,25,Jaden McDaniels,MIN,1.0,,
steals_per_game,1,Ausar Thompson,DET,2.0,,
steals_per_game,2,Dyson Daniels,ATL,2.0,,
steals_per_game,3,Cason Wallace,OKC,1.9,,
steals_per_game,4,Kawhi Leonard,LAC,1.9,,
steals_per_game,5,Tyrese Maxey,PHI,1.9,,
steals_per_game,6,Luka Doncic,LAL,1.6,,
steals_per_game,7,Kris Dunn,LAC,1.6,,
steals_per_game,8,OG Anunoby,NYK,1.6,,
steals_per_game,9,Jordan Goodwin,PHX,1.5,,
steals_per_game,10,Amen Thompson,HOU,1.5,,
steals_per_game,11,Trey Murphy III,NOP,1.5,,
steals_per_game,12,Reed Sheppard,HOU,1.5,,
steals_per_game,13,Ryan Rollins,MIL,1.5,,
steals_per_game,14,Donovan Mitchell,CLE,1.5,,
steals_per_game,15,Cade Cunningham,DET,1.4,,
steals_per_game,16,Dru Smith,MIA,1.4,,
steals_per_game,17,VJ Edgecombe,PHI,1.4,,
steals_per_game,18,Scottie Barnes,TOR,1.4,,
steals_per_game,19,Anthony Black,ORL,1.4,,
steals_per_game,20,Nikola Jokic,DEN,1.4,,
steals_per_game,21,Marcus Smart,LAL,1.4,,
steals_per_game,22,Shai Gilgeous-Alexander,OKC,1.4,,
steals_per_game,23,Anthony Edwards,MIN,1.4,,
steals_per_game,24,Immanuel Quickley,TOR,1.3,,
steals_per_game,25,Nickeil Alexander-Walker,ATL,1.3,,
offensive_rebounds_per_game,1,Donovan Clingan,POR,4.5,,
offensive_rebounds_per_game,2,Mitchell Robinson,NYK,4.2,,
offensive_rebounds_per_game,3,Rudy Gobert,MIN,3.9,,
offensive_rebounds_per_game,4,Jalen Duren,DET,3.8,,
offensive_rebounds_per_game,5,Moussa Diabate,CHA,3.7,,
offensive_rebounds_per_game,6,Andre Drummond,PHI,3.2,,
offensive_rebounds_per_game,7,Karl-Anthony Towns,NYK,3.1,,
offensive_rebounds_per_game,8,Mark Williams,PHX,3.1,,
offensive_rebounds_per_game,9,Neemias Queta,BOS,3.0,,
offensive_rebounds_per_game,10,Alperen Sengun,HOU,3.0,,
offensive_rebounds_per_game,11,Amen Thompson,HOU,3.0,,
offensive_rebounds_per_game,12,Nikola Jokic,DEN,3.0,,
offensive_rebounds_per_game,13,Kel'el Ware,MIA,2.8,,
offensive_rebounds_per_game,14,Yves Missi,NOP,2.8,,
offensive_rebounds_per_game,15,Day'Ron Sharpe,BKN,2.8,,
offensive_rebounds_per_game,16,Jock Landale,TOT,2.7,,
offensive_rebounds_per_game,17,Luke Kornet,SAS,2.7,,
offensive_rebounds_per_game,18,Deandre Ayton,LAL,2.6,,
offensive_rebounds_per_game,19,Marvin Bagley III,TOT,2.5,,
offensive_rebounds_per_game,20,Nic Claxton,BKN,2.4,,
offensive_rebounds_per_game,21,Precious Achiuwa,SAC,2.4,,
offensive_rebounds_per_game,22,Dyson Daniels,ATL,2.4,,
offensive_rebounds_per_game,23,Ryan Kalkbrenner,CHA,2.4,,
offensive_rebounds_per_game,24,Evan Mobley,CLE,2.4,,
offensive_rebounds_per_game,25,Robert Williams III,POR,2.4,,
three_point_pct,1,Luke Kennard,47.8,1.5,3.1,
three_point_pct,2,Bobby Portis,45.6,2.0,4.4,
three_point_pct,3,Cam Spencer,44.9,2.0,4.5,
three_point_pct,4,Jaylon Tyson,44.6,2.0,4.5,
three_point_pct,5,Rui Hachimura,44.3,1.7,3.9,
three_point_pct,6,Ayo Dosunmu,43.9,1.8,4.1,
three_point_pct,7,Jamal Murray,43.5,3.3,7.5,
three_point_pct,8,Cameron Johnson,43.0,2.0,4.7,
three_point_pct,9,Kon Knueppel,42.5,3.4,7.9,
three_point_pct,10,Isaiah Joe,42.3,2.5,6.0,
three_point_pct,11,Sam Merrill,42.1,3.0,7.2,
three_point_pct,12,AJ Green,41.9,3.0,7.1,
three_point_pct,13,Andrew Wiggins,41.4,2.0,4.9,
three_point_pct,14,Kevin Durant,41.3,2.4,5.8,
three_point_pct,15,Miles McBride,41.3,2.7,6.6,
three_point_pct,16,Josh Hart,41.3,1.5,3.7,
three_point_pct,17,Jaden McDaniels,41.2,1.4,3.4,
three_point_pct,18,Duncan Robinson,41.0,2.9,7.0,
three_point_pct,19,Ja'Kobe Walter,40.9,1.5,3.7,
three_point_pct,20,Svi Mykhailiuk,40.8,2.0,4.8,
three_point_pct,21,Bub Carrington,40.8,2.1,5.0,
three_point_pct,22,Royce O'Neale,40.8,2.7,6.7,
three_point_pct,23,Tim Hardaway Jr.,40.7,2.8,6.9,
three_point_pct,24,John Collins,40.6,1.3,3.2,
three_point_pct,25,Ryan Rollins,40.6,2.5,6.1,
free_throw_pct,1,Cam Spencer,-,94.0,,
free_throw_pct,2,Stephen Curry,GSW,92.3,,
free_throw_pct,3,Desmond Bane,ORL,90.8,,
free_throw_pct,4,Nickeil Alexander-Walker,ATL,90.2,,
free_throw_pct,5,Derrick White,BOS,90.2,,
free_throw_pct,6,LaMelo Ball,CHA,89.9,,
free_throw_pct,7,Max Christie,DAL,89.9,,
free_throw_pct,8,Lauri Markkanen,UTA,89.6,,
free_throw_pct,9,Brandon Miller,CHA,89.2,,
free_throw_pct,10,Tyrese Maxey,PHI,89.2,,
free_throw_pct,11,Kawhi Leonard,LAC,89.2,,
free_throw_pct,12,Keyonte George,UTA,89.2,,
free_throw_pct,13,Jamal Murray,DEN,88.7,,
free_throw_pct,14,Trey Murphy III,NOP,88.6,,
free_throw_pct,15,James Harden,-,88.4,,
free_throw_pct,16,Zach LaVine,-,88.0,,
free_throw_pct,17,Shai Gilgeous-Alexander,OKC,87.9,,
free_throw_pct,18,Kevin Porter Jr.,-,87.8,,
free_throw_pct,19,Ayo Dosunmu,CHI,87.6,,
free_throw_pct,20,Kevin Durant,HOU,87.4,,
free_throw_pct,21,Devin Booker,PHX,87.3,,
free_throw_pct,22,Austin Reaves,LAL,87.1,,
free_throw_pct,23,Ajay Mitchell,OKC,87.0,,
free_throw_pct,24,Bennedict Mathurin,IND,86.9,,
free_throw_pct,25,DeMar DeRozan,-,86.8,,
assist_turnover_ratio,1,Giannis Antetokounmpo,5.4,3.2,1.69,
assist_turnover_ratio,2,Jimmy Butler III,4.9,1.6,3.06,
assist_turnover_ratio,3,Stephen Curry,4.7,2.8,1.68,
assist_turnover_ratio,4,DeMar DeRozan,4.1,1.2,3.42,
assist_turnover_ratio,5,Kevin Durant,4.8,3.2,1.5,
assist_turnover_ratio,6,Draymond Green,5.5,2.7,2.04,
assist_turnover_ratio,7,James Harden,8.0,3.5,2.29,
assist_turnover_ratio,8,Jrue Holiday,6.1,2.8,2.18,
assist_turnover_ratio,9,LeBron James,7.2,3.0,2.4,
assist_turnover_ratio,10,Dennis Schroder,4.9,1.8,2.72,
assist_turnover_ratio,11,Russell Westbrook,6.7,3.3,2.03,
assist_turnover_ratio,12,Julius Randle,5.0,2.7,1.85,
assist_turnover_ratio,13,Jusuf Nurkic,4.8,2.5,1.92,
assist_turnover_ratio,14,Nikola Jokic,10.7,3.7,2.89,
assist_turnover_ratio,15,D'Angelo Russell,4.0,1.9,2.11,
assist_turnover_ratio,16,Devin Booker,6.0,3.1,1.94,
assist_turnover_ratio,17,T.J. McConnell,5.1,1.1,4.64,
assist_turnover_ratio,18,Jaylen Brown,5.1,3.6,1.42,
assist_turnover_ratio,19,Jamal Murray,7.1,2.3,3.09,
assist_turnover_ratio,20,Domantas Sabonis,4.1,2.7,1.52,
assist_turnover_ratio,21,Dejounte Murray,6.4,3.4,1.88,
assist_turnover_ratio,22,Jayson Tatum,5.3,2.4,2.21,
assist_turnover_ratio,23,De'Aaron Fox,6.2,2.3,2.7,
assist_turnover_ratio,24,Donovan Mitchell,5.7,2.8,2.04,
assist_turnover_ratio,25,Derrick White,5.4,1.7,3.18,
assist_turnover_supplementary,1,Cade Cunningham,9.9,3.7,2.69,
assist_turnover_supplementary,2,Josh Giddey,9.1,3.6,2.52,
assist_turnover_supplementary,3,Luka Doncic,8.3,4.0,2.08,
assist_turnover_supplementary,4,Ja Morant,8.1,3.6,2.27,
assist_turnover_supplementary,5,Tyrese Haliburton (2024-25),9.2,1.6,5.75,
assist_turnover_supplementary,6,Trae Young,,,3.08,
assist_turnover_supplementary,7,Andrew Nembhard,,,3.19,
assist_turnover_supplementary,8,Luke Kornet,,,4.5,
assist_turnover_supplementary,9,Davion Mitchell,,,4.2,
assist_turnover_supplementary,10,Immanuel Quickley,,,4.1,
assist_turnover_supplementary,11,Dean Wade,,,5.5,
assist_turnover_supplementary,12,Cam Spencer,,,4.3,
points_per_game,1,Luka Doncic,LAL,33.5,,
points_per_game,2,Shai Gilgeous-Alexander,OKC,31.1,,
points_per_game,3,Anthony Edwards,MIN,28.8,,
points_per_game,4,Jaylen Brown,BOS,28.7,,
points_per_game,5,Tyrese Maxey,PHI,28.3,,
points_per_game,6,Kawhi Leonard,LAC,27.9,,
points_per_game,7,Donovan Mitchell,CLE,27.9,,
points_per_game,8,Nikola Jokic,DEN,27.7,,
points_per_game,9,Devin Booker,PHX,26.1,,
points_per_game,10,Jalen Brunson,NYK,26.0,,
points_per_game,11,Kevin Durant,HOU,26.0,,
points_per_game,12,Jamal Murray,DEN,25.4,,
points_per_game,13,Victor Wembanyama,SAS,25.0,,
points_per_game,14,Deni Avdija,POR,24.2,,
points_per_game,15,Pascal Siakam,IND,24.0,,
points_per_game,16,Cade Cunningham,DET,23.9,,
points_per_game,17,James Harden,TOT,23.6,,
points_per_game,18,Jalen Johnson,ATL,22.5,,
points_per_game,19,Paolo Banchero,ORL,22.2,,
points_per_game,20,Norman Powell,MIA,21.7,,
points_per_game,21,Trey Murphy III,NOP,21.5,,
points_per_game,22,Brandon Ingram,TOR,21.5,,
points_per_game,23,Julius Randle,MIN,21.1,,
points_per_game,24,Cooper Flagg,DAL,21.0,,
points_per_game,25,Zion Williamson,NOP,21.0,,
double_doubles,1,Karl-Anthony Towns,NYK,56,75,
double_doubles,2,Nikola Jokic,DEN,55,65,
double_doubles,3,Jalen Johnson,ATL,49,72,
double_doubles,4,Victor Wembanyama,SAS,42,64,
double_doubles,5,Jalen Duren,DET,41,70,
double_doubles,6,Cade Cunningham,DET,38,64,
double_doubles,7,Donovan Clingan,POR,37,77,
double_doubles,8,Bam Adebayo,MIA,35,73,
double_doubles,9,Luka Doncic,LAL,34,64,
double_doubles,10,Alperen Sengun,HOU,34,72,
double_doubles,11,Rudy Gobert,MIN,33,76,
double_doubles,12,Scottie Barnes,TOR,30,80,
double_doubles,13,Josh Giddey,CHI,28,54,
double_doubles,14,Evan Mobley,CLE,27,65,
double_doubles,15,Paolo Banchero,ORL,26,72,
double_doubles,16,Chet Holmgren,OKC,25,69,
double_doubles,17,Kel'el Ware,MIA,24,77,
double_doubles,18,Ivica Zubac,TOT,24,48,
double_doubles,19,Nikola Vucevic,TOT,23,64,
double_doubles,20,Deandre Ayton,LAL,22,72,
double_doubles,21,Jarrett Allen,CLE,20,56,
double_doubles,22,Moussa Diabate,CHA,20,73,
double_doubles,23,James Harden,TOT,20,70,
double_doubles,24,Amen Thompson,HOU,20,79,
double_doubles,25,Giannis Antetokounmpo,MIL,19,36,
