name,team,pos,market_low,market_high,my_max,surplus,obtainable,injury_exclude,tag,cats,GP,MPG,season,gp_qualified,PTS,pts_lift,REB,OREB,AST,STL,BLK,TOV,tov_lift,FG%,FGA,3PM,3PA,3P%,FT%,FTA,A/T,at_lift,measured_2025_26,flag,DD,dd_lift
Nikola Jokić,DEN,C,93,101,97,0,True,False,buy,PTS3 FG%3 REB3 OREB3 AST3 A/T3 DD3 FT%1 STL3 BLK1 3P%2 3PM1,67.1,35.6,blend,True,28.5,11.365,12.8,3,10.5,1.6,0.7,3.5,-1.529,0.572,18.3,1.8,4.6,0.396,0.818,7,2.97,0.253,29.0P 12.6R 10.7A 3.7TO · OREB 3.0 · DD 55 · A/T 2.87 · 65G,65경기 · TOV 3.7은 포기,0.919,0.74
Victor Wembanyama,SAS,F/C,90,102,70,-26,False,False,,PTS3 FG%1 3PM1 REB3 BLK3 DD3 FT%2 OREB2,58.2,30.5,blend,True,24.8,7.645,11.3,1.9,3.3,1,3.3,2.7,-0.655,0.5,17.5,2.3,6.6,0.35,0.83,6.1,1.24,-0.16,25.0P 11.5R 3.1A 1.0S 3.1B · DD 42 · 64G(55선발),64경기(55선발) · 같은 값이면 Jokić 우선,0.676,0.497
Shai Gilgeous-Alexander,OKC,G,81,89,85,0,True,False,buy,PTS3 FG%3 FT%3 AST3 STL3 A/T3 BLK2 3P%1 3PM1,71.4,33.6,blend,True,31.8,14.654,4.6,0.7,6.5,1.5,0.9,2.3,-0.281,0.538,20.4,1.9,5,0.381,0.887,8.9,2.85,0.158,31.1P(리그 2위) 2.9R 7.9A · STL 1.4(리그 22위) · FG 55.1% · FT% 87.9% [기준값],⚠ 득점·FT% 출처 충돌 미해소(기준값 채택) · OKC 로드 매니지먼트 · TOV 실측 미확보,0.148,-0.031
Karl-Anthony Towns,NYK,F/C,41,49,71,26,True,False,buy,PTS2 FG%2 FT%2 REB3 OREB3 DD3 3P%2 3PM1,73.8,32.6,blend,True,21.8,4.649,12.3,3,3,0.9,0.6,2.6,-0.574,0.511,15,1.7,4.3,0.388,0.847,5.6,1.18,-0.168,OREB 3.1 · DD 56(리그 1위) · 75G,,0.732,0.553
Cade Cunningham,DET,G,80,86,60,-23,False,False,buy,PTS3 AST3 A/T2 DD2 FT%2 3PM1 STL2 BLK1,66.5,34.4,blend,True,24.8,7.699,5.8,0.9,9.6,1.2,0.8,4,-1.991,0.464,19.5,2,5.8,0.348,0.826,5.7,2.39,0.112,9.9A 3.7TO · A/T 2.69 · DD 38 · 64G,64경기 · 시장가 그대로라 이득 없음,0.536,0.357
Tyrese Haliburton,IND,G,54,66,56,-4,True,False,buy,AST3 A/T3 3P%2 FT%2 STL3 3PM3 BLK1 PTS1 TOV1 DD1,73.0,33.6,blend,True,18.6,1.471,3.5,0.6,9.2,1.4,0.7,1.6,0.404,0.473,13.8,3,7.7,0.388,0.851,3,5.75,0.517,[2024-25] 18.6P 3.5R 9.2A 1.4S 1.6TO · A/T 5.75 · 73G — 2025-26 전체 결장,2025-26 전체 결장(아킬레스) · Nembhard 헤지 필수 · ⚠ 가중치 근거가 2024-25(73경기) — 2025-26 전체 결장,0.426,0.247
Jalen Johnson,ATL,F,64,70,56,-11,False,False,buy,PTS2 REB3 AST3 DD2 STL2 FG%1 A/T2 OREB1,63.0,35.3,blend,True,21.6,4.471,10.2,1.5,7.2,1.3,0.6,3.3,-1.271,0.492,16.6,1.6,4.5,0.342,0.777,4.8,2.19,0.047,22.5P 10.3R 7.9A 1.2S 1.7×3P · DD 49(리그 3위) · 72G,3PT%·FT%·TOV 미확인,0.644,0.465
Scottie Barnes,TOR,G/F,64,70,51,-16,False,False,,REB2 AST2 STL3 BLK3 DD1 OREB1 PTS1 A/T1,74.7,33.3,blend,True,18.5,1.393,7.6,1.8,5.9,1.4,1.3,2.7,-0.666,0.486,14.8,1,3.3,0.292,0.794,4,2.2,0.041,18.1P 7.5R 5.9A · STL 1.4(리그 18위) · BLK 1.5(리그 13위) · FG 50.7% · DD 30 · 80G,$44 이하면 매수 · 3PT%/FT% 확인 권장,0.294,0.115
Josh Giddey,CHI,G/F,38,44,42,1,True,False,buy,AST3 A/T2 DD1 REB2 3P%1 OREB1 STL1 3PM1,61.4,31.2,blend,True,15.9,-1.241,8.2,1.5,8.2,1.1,0.5,3.3,-1.271,0.456,12.4,1.7,4.6,0.37,0.771,3.7,2.51,0.126,9.1A 3.6TO · A/T 2.52 · DD 28 · 54G,54경기,0.498,0.319
Chet Holmgren,OKC,F/C,49,55,40,-12,False,False,,BLK3 DD1 REB2 FG%2 OREB1 TOV1 3P%1,60.3,28.5,blend,True,16.6,-0.525,8.7,1.8,1.8,0.6,2,1.6,0.357,0.541,11.2,1.3,3.5,0.366,0.783,4.1,1.08,-0.131,BLK 1.9(리그 2위) · DD 25 · 69G,69경기 · AST/OREB 빈약,0.352,0.173
Derrick White,BOS,G,36,42,52,13,True,False,buy,3PM3 BLK3 FT%2 A/T3 AST2 TOV1,76.6,34,blend,True,16.5,-0.668,4.4,1,5.2,1,1.2,1.7,0.304,0.413,13.7,3,8.6,0.35,0.877,2.4,3.04,0.151,5.4A 1.7TO · A/T 3.18 · FT% 90.2%(리그 5위) · BLK 1.3(리그 15위),,0.042,-0.137
Bam Adebayo,MIA,F/C,35,43,39,0,True,False,,DD1 REB3 STL2 PTS1 OREB2 BLK1 TOV1 A/T1,75.1,33.2,blend,True,19.3,2.139,9.8,2.2,3.7,1.2,0.7,1.8,0.196,0.46,15.1,1.4,4.4,0.334,0.773,5.1,2.02,0.004,DD 35 · 73G,Giannis 합류로 사용률 하락 우려,0.502,0.323
Trey Murphy III,NOR,G/F,32,38,32,-3,True,False,buy,PTS2 FT%2 STL2 3PM3 3P%1 TOV1 A/T1,61.5,35.3,blend,True,21.4,4.267,5.5,1,3.7,1.4,0.5,1.8,0.169,0.464,15.9,3.1,8.5,0.373,0.886,3.9,2.01,0.002,21.5P · FT% 88.6%(리그 14위) · STL 1.5(리그 11위) · 3PT% top-25 밖,3PT% 37.3% (3PA 8.5) — 레버리지 상위권 아님,0.059,-0.12
Jalen Duren,DET,C,24,30,52,25,True,False,buy,OREB3 DD2 REB3 FG%3 BLK2 TOV1,73.4,27.3,blend,True,16.2,-0.911,10.4,3.7,2.3,0.8,0.9,1.8,0.189,0.668,9.6,0,0,,0.714,4.8,1.27,-0.113,OREB 3.8 · DD 41 · 70G,,0.522,0.342
Alperen Şengün,HOU,F/C,23,29,52,26,True,False,buy,OREB3 DD1 REB3 FG%2 AST2 PTS1 BLK2 STL1,73.7,32.6,blend,True,19.9,2.734,9.5,3.2,5.7,1.2,1,3,-0.948,0.509,15.4,0.5,1.6,0.275,0.691,5.4,1.92,-0.019,OREB 3.0(리그 10위) · DD 34 · BLK 1.1(리그 21위) · 72G,⚠ 드래프트 당일 야후 F(PF) 자격 확인 — c3 선발이 여기 걸린다,0.499,0.32
Amen Thompson,HOU,G/F,23,29,49,23,True,False,buy,OREB3 STL3 DD1 REB2 AST1 FG%2 A/T1 BLK2,75.3,35.5,blend,True,16.8,-0.374,7.9,2.9,4.7,1.5,0.9,2.3,-0.249,0.542,12.1,0.3,1.4,0.238,0.744,4.4,2.11,0.02,OREB 3.0 · STL 1.5 · DD 20 · 79G,FT%·3PT% 약점 · ⚠ 드래프트 당일 야후 F(SF) 자격 확인 — c3 선발이 여기 걸린다,0.284,0.105
Evan Mobley,CLE,F/C,20,26,36,13,True,False,buy,OREB2 BLK3 DD1 REB3 FG%2 PTS1 TOV1,67.5,31.3,blend,True,18.3,1.198,9.1,2.4,3.4,0.8,1.7,1.9,0.062,0.551,13,1.1,3.2,0.328,0.656,4.5,1.77,-0.038,OREB 2.4 · BLK 1.7 · DD 27 · 65G,65경기,0.417,0.238
Desmond Bane,ORL,G/F,19,25,31,9,True,False,buy,FT%3 3PM1 PTS1 3P%2 AST1 A/T1 STL1,77.3,33,blend,True,19.8,2.648,4.8,1.1,4.5,1.1,0.5,2.1,-0.14,0.484,14.7,2.1,5.5,0.391,0.903,3.7,2.11,0.02,FT% 90.8%(리그 3위) · 3PT% top-25 밖,3PT% 39.1% (3PA 5.5) — 레버리지 상위권 아님 · 채택 근거는 3PT가 아니다(비고 참조) · ⚠ 드래프트 당일 야후 F(SF) 자격 확인 — c2 선발이 여기 걸린다,0.037,-0.143
Dyson Daniels,ATL,G,9,15,20,8,True,False,buy,STL3 OREB2 REB1 AST2 FG%1 TOV1 A/T3,76.0,33.4,blend,True,12.8,-4.349,6.4,2.1,5.3,2.4,0.5,1.9,0.124,0.507,11,0.6,2.1,0.249,0.606,1.7,2.82,0.13,STL 2.0(리그 공동 1위) · OREB 2.4,3PT%·FT% 악화 요인,0.127,-0.052
Walker Kessler,LAL,C,13,19,19,3,True,False,,OREB3 FG%3 REB3 BLK3 TOV1 DD1,51.9,30.1,blend,True,11.5,-5.651,12,4.6,1.8,0.7,2.3,1.7,0.309,0.668,7.2,0.2,0.7,0.242,0.541,2.8,1.09,-0.132,2025-26 블록 리그 top-25 밖 (검증),2025-26 5경기(혼합 GP 51.9 · 25-26 반영 11%) · FT% 54.1%는 능동적 손실 · 3PM 0.2,0.487,0.308
Donovan Clingan,POR,C,8,16,38,26,True,False,buy,OREB3 BLK3 DD1 REB3 FG%2 TOV1,73.3,24.5,blend,True,10,-7.085,10.2,4,1.7,0.6,1.7,1.2,0.841,0.527,7.5,0.8,2.3,0.321,0.649,2.2,1.49,-0.053,OREB 4.5(리그 1위) · BLK 1.7 · DD 37 · 77G,Robert Williams III와 경쟁(상습 결장이라 실질 위협 낮음),0.318,0.139
Rudy Gobert,MIN,C,4,12,30,22,True,False,buy,OREB3 BLK3 DD1 REB3 FG%3 TOV1,74.5,32,blend,True,11.3,-5.803,11.3,3.8,1.7,0.8,1.5,1.3,0.682,0.677,6.7,0,0.1,0,0.583,3.9,1.31,-0.08,OREB 3.9 · BLK 1.6 · DD 33 · 76G,FT% 심각 · $14까지는 무조건,0.439,0.259
Mitchell Robinson,BOS,C,1,9,12,7,True,False,buy,OREB3 REB2 FG%2 BLK2 TOV3,53.2,19.2,blend,True,5.6,-11.524,8.3,4,0.9,0.9,1.2,0.7,1.32,0.713,3.4,0,0,,0.452,1.6,1.29,-0.045,OREB 4.2(리그 2위) · BLK 1.2(리그 16위),Neemias Queta와 로테이션 · FT% 심각,0.049,-0.13
Deandre Ayton,WAS,C,3,7,18,13,True,False,buy,OREB2 DD1 REB2 FG%3 TOV1 BLK2,63.4,28,blend,True,13,-4.115,8.6,2.7,1,0.7,1,1.3,0.669,0.643,9.2,0.1,0.2,0.188,0.651,1.9,0.76,-0.146,OREB 2.6 · DD 22 · 72G,Anthony Davis와 겹침,0.289,0.11
Mark Williams,PHX,C,4,10,18,11,True,False,buy,OREB3 REB2 FG%3 DD1 TOV1 BLK2 3P%1,54.7,24.6,blend,True,12.9,-4.247,8.7,3.1,1.5,0.8,1,1.3,0.74,0.631,8.3,0,0,0.672,0.782,3.2,1.18,-0.092,OREB 3.1,출장 이력 확인 권장,0.298,0.119
Jarrett Allen,CLE,C,9,15,16,4,True,False,,OREB2 REB2 FG%3 DD1 BLK2 TOV1,68.8,27.5,blend,True,14.5,-2.667,9.1,2.6,1.8,1,0.8,1.3,0.754,0.672,8.6,0,0.2,0.051,0.713,4.1,1.48,-0.058,DD 20 · 56G,56경기,0.364,0.185
Nic Claxton,CHI,C,2,6,12,8,True,False,buy,OREB2 BLK3 REB2 FG%2 TOV1 A/T1,69.4,27.4,blend,True,11.1,-5.993,7.1,2.3,3.1,0.8,1.2,1.3,0.685,0.568,8.3,0,0.3,0.19,0.574,2.9,2.35,0.04,OREB 2.4(리그 20위) · BLK 1.1(리그 19위),FT% 악화 요인 · 3PM 0 · BLK 엘리트 아님(오분류 정정),0.13,-0.049
Nikola Vučević,ORL,C,1,3,8,6,True,False,dart,DD1 REB3 FT%1 TOV1 OREB2 3P%1 FG%2 A/T1 3PM1,67.9,29.6,blend,True,16.6,-0.56,9.1,2.2,3.4,0.7,0.6,1.4,0.575,0.509,13.2,1.7,4.3,0.383,0.818,1.7,2.37,0.046,DD 23 · 64G,역할 미확정,0.4,0.221
Myles Turner,MIL,C,11,17,18,4,True,False,burn,BLK3 3PM1 3P%2 TOV1,71.4,28.2,blend,True,13.4,-3.736,5.8,1.2,1.5,0.7,1.8,1.4,0.602,0.457,10,2.1,5.4,0.388,0.753,2.8,1.07,-0.114,12.2P 5.3R 1.6A · BLK 1.6(리그 7위) · REB는 주전 센터 최하위권 · 3PT% top-25 밖,이름값 대비 OREB·DD 기여 0,0.061,-0.118
Kel'el Ware,MIL,C,1,3,4,2,True,False,dart,OREB2 DD1 REB2 BLK2 TOV2 3P%1 FG%2,72.4,22.1,blend,True,10.5,-6.67,8.4,2.4,0.8,0.7,1.1,0.8,1.168,0.539,8,1,2.5,0.366,0.721,1.1,0.92,-0.083,11.1P 9.0R (22.1분) · OREB 2.8(리그 13위) · BLK 1.1(리그 20위) · DD 24 · 77G,Turner 뒤 백업 확정 · $5 넘으면 포기,0.213,0.034
Moussa Diabaté,CHA,C,1,3,6,4,True,False,dart,OREB3 REB2 FG%2 TOV2 BLK2,72.2,22.7,blend,True,7,-10.094,7.7,3.3,1.5,0.7,0.8,1,1.043,0.617,4.6,0,0,0.303,0.634,2.1,1.53,-0.041,OREB 3.7 · DD 20 · 73G,Naz Reid 영입으로 C 로테이션 혼잡 · $3 이하만,0.075,-0.104
Andre Drummond,NYK,C,1,3,8,6,True,False,dart,OREB3 REB2 TOV2 BLK1,56.2,19.3,blend,True,6.7,-10.461,8.2,3.1,1.2,0.7,0.7,1.1,0.885,0.48,5.5,0.4,1.1,0.295,0.628,1.6,1.06,-0.095,OREB 3.2,KAT 뒤 백업,0.08,-0.1
Jay Huff,IND,C,1,3,4,2,True,False,dart,BLK3 TOV3 FT%1 FG%1,75.8,17.8,blend,True,8.6,-8.518,3.3,0.8,1.2,0.4,1.6,0.8,1.241,0.489,6.6,1.4,4,0.348,0.814,1.1,1.56,-0.031,BLK 1.9(리그 3위),Zubac 합류로 백업 고정 · 출장 변동 큼,0,-0.179
Luke Kornet,SAS,C,1,3,4,2,True,False,dart,OREB2 A/T2 FG%2 TOV3 BLK2,70.1,20,blend,True,6.3,-10.837,5.8,2.7,1.8,0.5,1,0.4,1.604,0.653,3.9,0,0,0,0.769,1.5,4.44,0.094,OREB 2.7 · A/T 4.5,A/T 기여 과대평가 금지 · AST 볼륨 미확보,0.015,-0.164
Andrew Nembhard,IND,G,1,3,6,4,True,False,dart,A/T3 AST3 FT%1,60.5,30.3,blend,True,13.9,-3.209,3,0.4,6.5,1,0.1,2.1,-0.094,0.449,11.1,1.4,4.1,0.331,0.812,3.2,3.11,0.193,A/T 3.19,Hali 복귀 시 역할 축소,0.106,-0.073
Yves Missi,NOP,C,1,3,8,6,True,False,dart,OREB3 BLK3 TOV2 FG%2 REB2,69.0,22.7,blend,True,7.1,-9.986,6.8,3.1,1.3,0.4,1.4,0.9,1.077,0.545,5.4,0,0,0,0.586,2.1,1.45,-0.047,OREB 2.8(리그 14위) · BLK 1.5(리그 9위),,0.049,-0.13
Day'Ron Sharpe,BKN,C,1,3,5,3,True,False,dart,OREB3 REB1 FG%2 TOV1,57.8,18.5,blend,True,8.4,-8.708,6.7,2.9,2.1,1,0.5,1.6,0.444,0.573,5.9,0.1,0.7,0.235,0.706,2.2,1.36,-0.086,OREB 2.8,출장 변동,0.064,-0.115
Ryan Kalkbrenner,CHA,C,1,3,8,6,True,False,dart,OREB2 BLK3 FG%3 TOV2,69.0,21.4,blend,True,7.6,-9.529,5.5,2.4,0.8,0.5,1.5,0.9,1.104,0.753,4.2,0,0.1,0,0.716,1.7,0.89,-0.092,BLK 1.5(리그 12위) · OREB 2.4(리그 23위),Naz Reid·Diabaté와 경쟁,0.019,-0.16
Neemias Queta,BOS,C,1,3,6,4,True,False,dart,OREB2 REB2 FG%3 BLK2 TOV2,71.1,21.3,blend,True,8.4,-8.76,6.8,2.4,1.3,0.6,1.1,0.9,1.145,0.652,5.4,0,0.1,0.081,0.721,1.8,1.57,-0.034,OREB 3.0(리그 9위) · BLK 1.3(리그 14위),Mitchell Robinson 뒤,0.068,-0.111
Robert Williams III,POR,C,1,3,4,2,True,False,dart,OREB2 BLK3 FG%3 TOV2 REB2 3P%1,51.8,17.2,blend,True,6.5,-10.595,6.8,2.3,1,0.6,1.5,0.8,1.186,0.696,4.1,0.2,0.4,0.38,0.649,1,1.24,-0.057,OREB 2.4(리그 25위) · BLK 1.5(리그 11위),상습 결장,0.038,-0.141
Isaiah Stewart,MEM,F/C,1,3,8,6,True,False,dart,BLK3 OREB1 TOV2 FG%2,64.3,21.4,blend,True,8.2,-8.94,5.2,1.7,1.4,0.3,1.5,1.1,0.94,0.554,5.8,0.5,1.5,0.328,0.757,1.8,1.29,-0.068,BLK 1.6(리그 8위) · OREB top-25 밖,,0.017,-0.162
Davion Mitchell,MIA,G,1,3,4,2,True,False,dart,A/T3 TOV1 AST2 3P%1,71.7,28.1,blend,True,8.7,-8.407,2.5,0.5,5.8,1,0.2,1.6,0.421,0.481,7.1,1.2,3.1,0.396,0.664,1,3.69,0.231,A/T 4.2,AST 볼륨 미확보,0.032,-0.147
Immanuel Quickley,TOR,G,1,3,5,3,True,False,dart,A/T3 STL1 3PM2 FT%1 TOV1 AST2 3P%1,61.2,30.9,blend,True,16.6,-0.561,3.9,0.5,5.9,1.2,0.1,1.6,0.432,0.438,13,2.5,6.8,0.375,0.832,3.2,3.74,0.236,A/T 4.1 · STL 1.3(리그 24위),,0.072,-0.108
Ausar Thompson,DET,G/F,1,5,8,5,True,False,dart,STL3 OREB2 TOV1 BLK1 FG%2,68.1,24.8,blend,True,10,-7.159,5.5,2,2.8,1.9,0.8,1.5,0.539,0.528,7.9,0.1,0.5,0.241,0.596,2.5,1.92,-0.01,STL 2.0(리그 공동 1위),FT%·3PT% 심각,0.032,-0.147
Cason Wallace,OKC,G,1,5,8,5,True,False,dart,STL3 TOV2 FT%1 A/T2,73.7,27,blend,True,8.5,-8.603,3.2,0.9,2.6,1.9,0.4,0.9,1.104,0.448,7.5,1.2,3.5,0.353,0.81,0.8,2.85,0.07,STL 2.0(리그 공동 1위),볼륨 낮음,0,-0.179
Kris Dunn,LAC,G,1,3,5,3,True,False,dart,STL3 TOV1 A/T2,79.0,26,blend,True,7,-10.167,3.3,0.7,3.3,1.6,0.3,1.2,0.754,0.462,5.8,1,2.8,0.359,0.734,0.7,2.64,0.071,STL 1.6(리그 7위),공격 기여 미미,0,-0.179
Jordan Goodwin,PHX,G,1,3,4,2,True,False,dart,STL2 TOV2 OREB2 3P%1 A/T1,61.1,21.7,blend,True,8,-9.1,4.7,1.8,2,1.4,0.2,1,1.026,0.418,7.3,1.4,3.9,0.373,0.722,0.7,2.07,0.006,STL 1.5,,0.008,-0.171
Matas Buzelis,CHI,F,2,8,10,5,True,False,dart,BLK3 TOV1 3PM1,78.2,25,blend,True,13.1,-3.98,4.9,0.9,1.6,0.6,1.3,1.6,0.395,0.459,10.2,1.8,5.1,0.354,0.798,2.4,1.03,-0.135,BLK 1.5(리그 10위),,0.021,-0.158
OG Anunoby,NYK,F,11,17,18,4,True,False,,STL3 3PM1 3P%1 BLK1 FT%1 TOV1 PTS1,70.0,34.6,blend,True,17.3,0.123,5,1.3,2.2,1.6,0.8,1.6,0.374,0.481,12.8,2.3,6.1,0.38,0.82,3.2,1.35,-0.091,STL 1.6(리그 8위) · 3PT% top-25 밖,,0.031,-0.148
Nickeil Alexander-Walker,ATL,G/F,19,25,27,5,True,False,,FT%2 3PM2 3P%2 TOV1,79.6,30.1,blend,True,16.1,-1.026,3.3,0.7,3.3,1,0.5,1.7,0.275,0.45,12.1,2.6,6.6,0.392,0.852,2.9,1.9,-0.015,FT% 90.2%(리그 4위) · STL 1.3(리그 25위) · 3PT% top-25 밖,3PT% 39.2% (3PA 6.6) — 레버리지 상위권 아님,0.001,-0.178
Luka Dončić,LAL,G,83,91,52,-35,False,False,burn,PTS3 AST3 REB2 DD2 STL3 3PM3 3P%1 A/T1,59.2,35.7,blend,True,31.7,14.556,7.9,0.7,8.1,1.7,0.5,3.9,-1.859,0.467,22,3.8,10.4,0.367,0.781,9.3,2.1,0.027,33.5P(리그 1위) 7.9R 8.3A 1.6S 4.0TO · A/T 2.08 · DD 34 · 64G,64경기 · 남이 $80 쓰게 하라,0.521,0.342
Anthony Edwards,MIN,G/F,72,80,40,-36,False,False,burn,PTS3 3PM3 STL2 BLK1 3P%3 FT%1 AST1,69.3,35.6,blend,True,28.2,11.115,5.3,0.7,4.1,1.3,0.7,3,-1.035,0.469,20.3,3.7,9.3,0.397,0.815,6.8,1.34,-0.154,28.8P(리그 3위) · 3.4×3P · STL 1.4(리그 23위),3~4캣 선수,0.054,-0.125
Giannis Antetokounmpo,MIA,F/C,61,69,25,-40,False,False,burn,PTS3 FG%3 REB3 DD3 BLK2 AST2 OREB2,53.2,31.8,blend,True,29.2,12.022,11,2.4,6,0.9,1,3.1,-1.14,0.611,18.3,0.3,1.1,0.272,0.632,10.3,1.91,-0.021,27.6P 9.8R 5.4A 3.2TO · A/T 1.69(최하위권) · FT% 65% · DD 19 · 36G,36경기 · FT% 65%,0.681,0.502
Kevin Durant,HOU,G/F,45,51,26,-22,False,False,burn,PTS3 FG%2 FT%3 3PM2 3P%3 AST1 BLK2,72.5,36.4,blend,True,26.2,9.079,5.7,0.5,4.6,0.8,1,3.2,-1.161,0.522,17.8,2.5,5.9,0.419,0.862,5.9,1.45,-0.132,26.0P · 3PT% 41.3%(리그 14위) · FT% 87.4% · 4.8A 3.2TO · A/T 1.50,A/T 최하위권 · 빅맨 캣 전무,0.084,-0.095
Kawhi Leonard,TOR,F,38,46,22,-20,False,False,burn,PTS3 FG%2 STL3 FT%3 3P%2 REB1 3PM2 TOV1,57.3,32,blend,True,26.1,9.011,6.3,1,3.5,1.8,0.4,2,0.032,0.503,18.7,2.5,6.3,0.394,0.869,5.5,1.76,-0.04,27.9P(리그 6위) · STL 1.9(리그 4위) · FT% 89.2%(리그 11위) · 3PT% top-25 밖,GP 리스크 최상급,0.119,-0.06
Stephen Curry,GSW,G,34,40,26,-11,False,False,,3PM3 FT%3 PTS3 AST2 3P%3 STL1,57.1,31.6,blend,True,25.5,8.378,4,0.5,5.4,1.1,0.4,2.9,-0.848,0.458,18.3,4.4,11.2,0.395,0.928,4.7,1.89,-0.025,FT% 92.3%(리그 2위) · A/T 1.68(4+AST 중 하위) · 3PT% top-25 밖,43경기 · A/T 1.68 하위권 · 빅맨 캣 전무 · 3PT% 엘리트 아님(오분류 정정),0.05,-0.129
Jaren Jackson Jr.,UTA,F/C,31,37,22,-12,False,False,burn,BLK3 PTS2 STL1 3PM1 3P%1,61.2,30,blend,True,20.8,3.691,5.6,1.1,2,1.2,1.5,2.1,-0.145,0.482,15.7,1.9,5.1,0.366,0.792,4.8,0.93,-0.189,19.4P 5.6R 2.0A 1.1S 1.4B · FG 47.7% · 3P 35.7% · 48G,48경기 · 무릎 수술 · OREB/DD 기여 0,0.067,-0.112
LeBron James,PHI,F,11,17,16,2,True,False,,PTS2 AST3 REB2 DD1 A/T2 STL1 FG%2,64.4,33.9,blend,True,22.4,5.303,6.8,0.8,7.6,1.1,0.6,3.3,-1.302,0.514,16.5,1.6,4.8,0.343,0.757,5,2.31,0.077,7.2A 3.0TO · A/T 2.40,나이,0.38,0.201
Anthony Davis,WAS,F/C,19,25,10,-12,False,False,burn,REB3 DD2 FG%2 PTS2 BLK3 OREB2 STL2,39.5,32.7,blend,False,23.1,5.979,11.4,2.8,3.2,1.2,2,2.2,-0.159,0.512,17.4,0.6,2.2,0.278,0.758,6.1,1.5,-0.089,블록 리그 top-25 밖 (검증),2025-26 20경기(2024-25 51경기 사용) · GP 리스크 · Ayton과 겹침 · BLK 엘리트 오분류 정정,0.676,0.497
Trae Young,WAS,G,30,36,30,-3,True,False,,AST3 A/T3 FT%3 3PM2 PTS2 STL1 DD2,62.1,33.6,blend,True,22.8,5.632,2.8,0.5,10.8,1.1,0.2,4.2,-2.216,0.422,16.7,2.6,7.7,0.34,0.864,7.2,2.55,0.164,A/T 3.08,A/T 볼륨 미검증 · FG% 약 41% 능동적 손실 · 워싱턴 사용률 혼잡,0.624,0.445
Tyrese Maxey,PHI,G,66,74,44,-26,False,False,,PTS3 3PM3 STL3 FT%3 AST2 A/T3,64.0,37.9,blend,True,27.6,10.509,3.8,0.3,6.4,1.9,0.7,2.4,-0.396,0.454,21.3,3.1,8.8,0.357,0.888,5.9,2.68,0.132,28.3P(리그 5위) · STL 1.9(리그 5위) · FT% 89.2%(리그 10위),Brown·LeBron 합류로 사용률 하락,0.127,-0.052
Jayson Tatum,BOS,F,65,71,48,-20,False,False,,PTS3 REB2 3PM3 FT%1 DD1 AST2 A/T1 STL2,58.0,35.5,blend,True,25.6,8.421,9,0.7,5.8,1.2,0.4,2.8,-0.771,0.442,19.7,3.4,9.8,0.34,0.816,5.8,2.1,0.022,5.3A 2.4TO · A/T 2.21 (2025-26 출장 확인) · 2026 플레이오프 건강 복귀,시장가가 13캣 실질보다 높음,0.476,0.297
Donovan Mitchell,CLE,G,54,60,52,-5,False,False,buy,PTS3 3PM3 STL3 FT%2 AST2 A/T1 3P%1,70.4,32.7,blend,True,26.3,9.198,4.5,0.7,5.4,1.4,0.3,2.5,-0.513,0.467,19.4,3.2,8.8,0.366,0.848,5.7,2.15,0.031,27.9P(리그 7위) · STL 1.5(리그 14위) · 5.7A 2.8TO · A/T 2.04,,0.062,-0.117
Jamal Murray,DEN,G,52,58,51,-4,False,False,buy,PTS2 3PM3 3P%3 FT%3 AST3 A/T3 STL1,72.0,35.7,blend,True,23.9,6.778,4.2,0.5,6.7,1.1,0.4,2.2,-0.221,0.48,17.6,2.9,6.9,0.419,0.887,4.6,3.01,0.183,"25.4P 7.1A 2.3TO · 3PT% 43.5%(리그 7위, 3.3×3P/7.5×3PA) · FT% 88.7% · A/T 3.09",빅맨 캣(OREB·BLK·DD) 기여 없음,0.155,-0.025
Jalen Brunson,NYK,G,37,43,32,-8,False,False,,PTS3 AST3 FT%2 3PM2 3P%1 A/T3 DD1,70.7,35.1,blend,True,26,8.871,3.2,0.4,7,0.8,0.1,2.4,-0.433,0.475,19.4,2.5,6.7,0.374,0.834,6.1,2.87,0.17,26.0P (리그 10위),OREB·DD·BLK 기여 0,0.18,0.001
LaMelo Ball,MIN,G,36,42,30,-9,False,False,,AST3 PTS2 3PM3 STL2 FT%2 A/T2 DD1,64.4,29.2,blend,True,21.6,4.518,4.8,0.9,7.2,1.2,0.2,3,-1.038,0.406,18.5,3.8,10.6,0.359,0.882,3.2,2.36,0.085,FT% 89.9%(리그 6위),TOV 높음 · GP 리스크,0.218,0.039
Cooper Flagg,DAL,G/F,44,50,34,-13,False,False,,PTS2 REB1 STL2 BLK2 FT%2 AST1,70.0,33.5,blend,True,21,3.871,6.7,1.2,4.5,1.2,0.9,2.3,-0.296,0.468,17.1,1,3.5,0.295,0.827,4.9,1.96,-0.008,21.0P (리그 24위),캣별 임팩트 미확정,0.165,-0.014
Austin Reaves,LAL,G/F,41,47,32,-12,False,False,,PTS2 AST2 FT%3 3PM2 3P%1 A/T1 STL1,61.7,34.7,blend,True,21.8,4.658,4.6,0.7,5.6,1.1,0.4,2.7,-0.703,0.475,14.6,2.5,6.8,0.368,0.874,6.2,2.09,0.018,FT% 87.1%(리그 22위),,0.076,-0.103
Lauri Markkanen,UTA,F,28,34,19,-12,False,False,,PTS2 3PM2 REB1 FT%3 TOV1 OREB1,44.1,33.1,blend,True,23.4,6.281,6.5,1.8,1.8,0.9,0.5,1.5,0.547,0.454,17.4,2.8,8,0.351,0.887,5.3,1.27,-0.093,FT% 89.6%(리그 8위) · 3PT% top-25 밖,OREB·DD·AST 기여 낮음,0.136,-0.043
Pascal Siakam,IND,F/C,22,28,26,1,True,False,,PTS2 REB2 OREB1 TOV1 3P%1 FG%1,69.3,33,blend,True,22.3,5.138,6.7,1.5,3.6,1,0.4,1.8,0.169,0.5,17,1.7,4.5,0.372,0.712,5.1,1.97,-0.004,24.0P (리그 15위),Hali 복귀로 사용률 조정,0.162,-0.017
Deni Avdija,POR,G/F,34,40,24,-13,False,False,,PTS2 REB2 AST2 3PM1 DD1,68.5,31.9,blend,True,21.1,3.998,7.1,1.3,5.5,0.9,0.6,3.3,-1.333,0.468,14.2,1.8,5.5,0.338,0.793,7.5,1.65,-0.086,24.2P (리그 14위),포틀랜드에 Morant·Lillard·Holiday 동시 합류 — 사용률 대폭 하락 위험,0.235,0.056
Devin Booker,PHO,G,26,32,24,-5,False,False,,PTS3 FT%3 3PM1 AST3 A/T1,68.8,35.2,blend,True,25.9,8.752,4,0.9,6.5,0.8,0.3,3,-1.008,0.458,18.8,2.1,6.5,0.331,0.882,7.4,2.15,0.035,26.1P(리그 9위) · FT% 87.3% · 6.0A 3.1TO · A/T 1.94,빅맨 캣 기여 0,0.133,-0.047
Brandon Miller,CHA,G/F,21,27,26,2,True,False,,PTS2 3PM3 FT%2 BLK1 3P%2,56.8,31.1,blend,True,20.4,3.245,4.9,1.1,3.4,1,0.7,2.6,-0.561,0.428,16.6,3.3,8.8,0.377,0.885,3.3,1.31,-0.14,FT% 89.2%(리그 9위),,0.029,-0.151
Jalen Williams,OKC,G/F,20,26,16,-7,False,False,,PTS1 AST2 A/T2 STL3 FT%1,54.0,30.7,blend,True,19.7,2.592,5,0.9,5.3,1.4,0.5,2.1,-0.071,0.484,15.5,1.3,3.8,0.337,0.809,4.1,2.54,0.093,17.1P 4.6R 5.5A 1.2S 1.9TO · A/T 2.89 · 3P 29.9% · FT 83.7% · 0.7×3P · 33G,33경기 · 3PT% 29.9% 악재,0.068,-0.111
Domantas Sabonis,SAC,F/C,15,23,34,15,True,False,buy,REB3 OREB3 AST2 DD3 FG%3 PTS1,55.2,33.3,blend,True,18.1,1.017,13.2,3.7,5.5,0.8,0.3,2.8,-0.838,0.576,12.5,0.7,2,0.35,0.746,4.1,1.92,-0.018,4.1A 2.7TO · A/T 1.52 · 반월판 파열로 실출장 ~20G · 2026-02 수술,A/T를 능동적으로 깎음 · 무릎 수술 이력 · 실출장 ~20G,0.761,0.582
Ivica Zubac,IND,C,8,14,18,7,True,False,buy,OREB3 REB3 FG%3 DD2 BLK2 TOV1,64.8,31.5,blend,True,15.5,-1.608,11.7,3.6,2.5,0.6,1,1.7,0.309,0.614,10.9,0,0,,0.685,3,1.45,-0.079,DD 24 · 48G — 분당 생산 최상급,48경기 · FT% 악화 요인,0.606,0.427
Naz Reid,CHA,F/C,5,11,12,4,True,False,,3PM1 BLK2 TOV1 3P%1 REB1,78.2,26.7,blend,True,13.8,-3.283,6.1,1.2,2.2,0.9,1,1.5,0.486,0.459,11.4,2.1,5.8,0.369,0.75,1.7,1.48,-0.069,13.6P 6.2R 2.2A 1.0S 1.0B 1.6TO · OREB 1.2 · 3P 36.2% · FT 73.2% · 2.1×3P · 77G,FT% 73.2% 악재 · OREB 기여 낮음,0.084,-0.096
Julius Randle,BKN,F,9,15,18,6,True,False,,PTS2 REB2 AST1 DD1 OREB2 FT%1,75.3,32.7,blend,True,20.2,3.088,6.8,1.8,4.9,1,0.2,2.7,-0.733,0.482,14.7,1.5,4.5,0.326,0.803,5.8,1.79,-0.046,21.1P(리그 23위) · 5.0A 2.7TO · A/T 1.85,TOV 높음,0.187,0.008
Tyler Herro,MIL,G,14,20,16,-1,True,False,,PTS2 FT%3 3PM3 AST1 A/T1 3P%1,59.8,33.8,blend,True,22.6,5.441,5,0.5,5,0.8,0.3,2.3,-0.322,0.475,17,3,7.9,0.376,0.893,3.8,2.13,0.024,20.5P 4.8R 4.1A 0.7S 1.9TO · A/T 2.16 · 3P 37.8% · FT 91.7% · 2.5×3P · 33G,33경기 — 최대 리스크,0.059,-0.121
AJ Dybantsa,WAS,G/F,10,18,14,0,True,False,,PTS2 REB1 STL1,,,,False,,,,,,,,,,,,,,,,,,,2026 드래프트 1순위 — 2025-26 NBA 실적 없음(검증 불가),루키 · 워싱턴 사용률 혼잡 · 최대가는 순수 추정,,
Darryn Peterson,UTA,G,4,12,10,2,True,False,,PTS2 AST1 STL1,,,,False,,,,,,,,,,,,,,,,,,,2026 드래프트 2순위 — 2025-26 NBA 실적 없음(검증 불가),루키 · 최대가는 순수 추정,,
Cameron Boozer,MEM,F,4,12,12,4,True,False,,PTS2 REB2 DD1,,,,False,,,,,,,,,,,,,,,,,,,2026 드래프트 3순위 — 2025-26 NBA 실적 없음(검증 불가),루키 · 멤피스 리빌딩으로 출장은 확보 가능 · 최대가는 순수 추정,,
Reed Sheppard,HOU,G,5,11,6,-2,True,False,,STL2 3PM1 3P%1 TOV1 A/T1 FT%1,73.1,22.2,blend,True,10.8,-6.333,2.5,0.3,2.8,1.3,0.6,1.3,0.742,0.406,9.4,2.2,5.7,0.377,0.805,0.8,2.22,0.025,13.5P 2.9R 3.4A 1.5S · 3P 39.4%(top-25 밖) · FG 43% · FT 80.2% · 6MOY 6위,제 이전 $26/$20 평가는 Athlon 기사 한 줄에만 근거한 과대평가였습니다 · FG% 43% 마이너스,0,-0.179
Kon Knueppel,CHA,G/F,19,25,33,11,True,False,buy,3PM3 3P%3 FT%2 PTS1 TOV1,81.0,31.5,blend,True,18.5,1.371,5.3,1.2,3.4,0.7,0.2,2,0.004,0.475,13.4,3.4,7.9,0.425,0.863,2.8,1.7,-0.05,3PT% 42.5%(리그 9위) · 3.4×3P / 7.9×3PA — 고볼륨 고효율,빅맨 캣 기여 0,0.045,-0.134
Luke Kennard,PHX,G,1,4,5,3,True,False,buy,3P%3 FT%1 TOV2 FG%1 A/T2,73.4,22,blend,True,8.6,-8.55,2.5,0.5,2.6,0.7,0.1,0.9,1.097,0.513,6,1.6,3.4,0.462,0.907,0.9,2.86,0.071,3PT% 47.8% — 리그 1위 (1.5×3P / 3.1×3PA),제 이전 $14 평가는 rate만 보고 볼륨을 무시한 오류입니다,0,-0.179
Grayson Allen,CHA,G,1,5,5,2,True,False,dart,3PM2 FT%1 STL1 TOV1 A/T1 3P%2,56.9,26.7,blend,True,13.8,-3.316,3,0.6,3,1.1,0.3,1.4,0.586,0.423,10.6,2.7,7.4,0.384,0.838,2.6,2.13,0.017,3PT% top-25 밖,3PT% 38.4% (3PA 7.4) — 레버리지 상위권 아님,0,-0.179
Gary Trent Jr.,MIL,G,5,11,2,-6,False,False,burn,3PM1 TOV3 3P%2 FT%1,68.9,23.1,blend,True,9.4,-7.734,1.6,0.2,1.2,0.7,0,0.6,1.404,0.406,8,2.1,5.6,0.384,0.803,1,2,0.0,8.1P 1.0R 1.2A 0.5S · 3P 36.0% · 1.9×3P · 65G · 21분,매수 대상 아님 — 코어 후보에서 제외됨,0,-0.179
Norman Powell,CHI,G,8,14,16,5,True,False,,PTS2 3PM2 FT%1 3P%2 STL1 TOV1,58.8,30.8,blend,True,21.7,4.612,3.4,0.4,2.3,1.1,0.2,1.9,0.145,0.476,15.6,2.8,7.1,0.396,0.818,5.1,1.26,-0.117,21.7P (리그 20위),,0.001,-0.178
Bogdan Bogdanović,HOU,G,1,4,4,2,True,False,dart,TOV1 FT%1 3PM1,41.9,22.9,blend,True,9.5,-7.654,2.8,0.4,2.5,0.6,0.2,1.3,0.682,0.412,8.1,1.7,4.9,0.357,0.848,1.2,1.89,-0.012,3PT% top-25 밖,3PT% 35.7% (3PA 4.9) — 레버리지 상위권 아님,0,-0.179
Isaiah Joe,DET,G,1,3,10,8,True,False,buy,3P%3 3PM2 TOV3 FT%1 A/T1,72.2,21.4,blend,True,10.7,-6.398,2.5,0.5,1.4,0.7,0.2,0.6,1.445,0.449,7.7,2.5,6.1,0.418,0.864,1.3,2.55,0.029,3PT% 42.3%(리그 10위) · 2.5×3P / 6.0×3PA,볼륨 낮음,0,-0.179
Quentin Grimes,LAL,G,4,10,7,0,True,False,,FT%1 TOV1 3PM1,75.0,28.4,blend,True,13.9,-3.249,3.9,0.7,3.2,0.9,0.4,1.8,0.164,0.457,10.5,1.9,5.3,0.354,0.807,3.1,1.73,-0.042,13.4P 3.6R 3.3A 0.9S 1.8TO · 3P 33.4% · FT 84.0% · 1.7×3P · 75G,3PT% 35.4% (3PA 5.3) — 레버리지 상위권 아님,0.004,-0.175
Tim Hardaway Jr.,MIA,G/F,1,3,10,8,True,False,buy,3P%2 3PM2 TOV3 FT%1 A/T1,78.8,27.1,blend,True,12.5,-4.606,2.5,0.2,1.5,0.5,0.1,0.5,1.465,0.431,9.3,2.6,6.5,0.392,0.828,2.3,2.74,0.038,3PT% 40.7%(리그 23위) · 2.8×3P / 6.9×3PA — 고볼륨,출장 변동,0,-0.179
Luguentz Dort,ATL,G/F,4,10,4,-3,True,False,burn,3PM1 TOV3 3P%1,69.8,27.8,blend,True,9,-8.096,3.8,1,1.4,1,0.4,0.8,1.245,0.405,7.9,2.1,5.6,0.372,0.742,0.7,1.79,-0.014,8.3P 3.6R 1.2A 0.9S · FG 38.5%(커리어 최저) · 26.8분 · 69G,매수 대상 아님 · 이름값에 남이 지르게 두세요,0.002,-0.177
CJ McCollum,ATL,G,4,10,12,5,True,False,,PTS1 3PM2 A/T1 3P%1 TOV1,69.4,30.8,blend,True,19.5,2.362,3.5,0.8,4,0.8,0.5,1.8,0.171,0.451,16.1,2.7,7.2,0.374,0.754,3.1,2.16,0.025,18.7P 3.3R 3.9A 0.8S 1.8TO · A/T 2.17 · 3P 37.5% · FT 77.2% · 2.5×3P · 76G,FT% 77.2%는 플러스 아님 · 빅맨 캣 전무,0.005,-0.174
Kelly Oubre Jr.,IND,G/F,1,4,8,6,True,False,,STL3 TOV1,54.4,32.9,blend,True,14.5,-2.584,5.5,1.3,1.7,1.4,0.5,1.4,0.649,0.468,11.6,1.5,4.4,0.33,0.759,3,1.25,-0.09,14.1P 5.0R 1.6A 1.4S 0.5B 1.4TO · 3P 36.0% · FT 76.6% · 1.7×3P · 50G,50경기 · 어시스트 1.6으로 A/T 마이너스,0.049,-0.131
Jordan Clarkson,NYK,G,1,3,1,-1,True,False,dart,TOV1 FT%1,63.1,19.9,blend,True,10.5,-6.589,2.2,0.8,1.9,0.5,0.1,1.3,0.747,0.44,8.8,1.3,3.8,0.336,0.822,2,1.52,-0.053,8.6P 1.8R 1.3A 0.4S · 3P 32.7% · FT 83.0% · 1.0×3P · 72G,13캣 기여 사실상 없음,0,-0.179
Khris Middleton,WAS,G/F,1,3,6,4,True,False,,FT%2 TOV1,55.7,22.8,blend,True,10.7,-6.45,3.7,0.7,3.2,0.8,0.1,1.6,0.36,0.435,8.7,1.2,3.2,0.36,0.87,2.2,1.93,-0.01,10.2P 3.7R 2.8A 0.7S 1.7TO · FT 87.5% · 3P 36.0% · 1.1×3P · 63G · 22.8분,10.2득점·22.8분으로 FT 시도량이 적어 팀 FT% 기여 제한적,0.002,-0.177
Keyonte George,UTA,G,13,19,22,6,True,False,,AST2 3PM2 FT%2 PTS2 A/T1,59.9,32.4,blend,True,20.5,3.393,3.7,0.4,5.9,0.9,0.2,2.9,-0.915,0.427,15.1,2.5,7.1,0.358,0.859,5.8,2.01,0.003,FT% 89.2%(리그 12위),TOV 높음 · Darryn Peterson 합류,0.076,-0.103
Jaylen Brown,PHI,G/F,19,25,26,4,True,False,,PTS3 REB1 AST1 3PM1 STL1,68.0,34.4,blend,True,26.3,9.155,6.5,1.2,4.9,1.1,0.4,3.2,-1.224,0.472,20.2,1.9,5.7,0.339,0.783,6.6,1.51,-0.119,28.7P (리그 4위) · 5.1A 3.6TO · A/T 1.42(4+AST 중 최하위권),A/T 최하위권,0.159,-0.02
Kyrie Irving,DAL,G,12,18,10,-5,False,False,,PTS2 FT%3 AST1 3P%3 STL2 3PM3 A/T1,50.0,36.1,blend,True,24.7,7.571,4.8,1.2,4.6,1.3,0.5,2.2,-0.196,0.473,18.9,2.9,7.2,0.401,0.916,4.3,2.09,0.016,3PT% top-25 밖,2025-26 전체 결장(ACL) — 가중치 근거는 2024-25 50경기 · 복귀 시점 불확실 · 3PT% 엘리트 아님(오분류 정정),0.039,-0.14
Tyus Jones,DEN,G,1,3,6,4,True,False,dart,A/T3 TOV3 FT%1,73.2,20,blend,True,6.2,-10.915,1.7,0.3,3.7,0.7,0,0.7,1.292,0.393,5.6,1.2,3.3,0.346,0.83,0.4,5.19,0.212,어시스트 4.0 미달로 A/T 리더보드 미검증,커리어 A/T는 높으나 2025-26 볼륨 미검증 · 덴버 백업,0,-0.179
Dennis Schröder,CHA,G,2,8,12,7,True,False,dart,AST2 A/T2 FT%1 TOV1,72.1,25.8,blend,True,11.8,-5.37,2.7,0.5,5.1,0.8,0.2,1.8,0.162,0.405,9.8,1.4,4,0.334,0.836,2.9,2.77,0.12,4.9A 1.8TO · A/T 2.72 (4+AST 그룹 10위),,0.022,-0.158
Collin Gillespie,PHX,G,1,3,4,2,True,False,dart,A/T2 3PM2 3P%3 FT%1 TOV1 AST1 STL1,69.9,25.4,blend,True,11.2,-5.895,3.7,1,4.1,1.1,0.2,1.4,0.641,0.421,9.3,2.5,6.2,0.408,0.872,1,3.03,0.123,A/T 리더보드 미검증(어시스트 4.0 미달),A/T 근거 없음,0.006,-0.173
Marcus Smart,HOU,G,1,3,6,4,True,False,dart,STL2 TOV1 FT%1,54.5,26.2,blend,True,9.2,-7.909,2.6,0.6,3.1,1.3,0.4,1.5,0.477,0.395,7.7,1.5,4.5,0.336,0.806,2.1,2,-0.0,STL 1.4(리그 21위),공격 기여 미미,0,-0.179
Ayo Dosunmu,MIN,G,2,8,10,5,True,False,buy,3P%2 FT%1 FG%1 A/T2 TOV1,61.9,28.2,blend,True,14,-3.098,3.4,0.7,3.9,0.8,0.3,1.4,0.573,0.509,10.5,1.6,4.1,0.405,0.848,2,2.71,0.089,"3PT% 43.9%(리그 6위, 1.8×3P) · FT% 87.6%(리그 19위)",볼륨 중하위 · LaMelo 합류로 볼 점유 감소,0.004,-0.175
Coby White,CHA,G,8,14,10,-1,True,False,,3PM2 FT%2 PTS1 3P%1 AST1,61.9,29,blend,True,18.9,1.761,3.5,0.3,4.2,0.7,0.1,2.5,-0.497,0.45,13.8,2.6,7.1,0.366,0.859,4.5,1.7,-0.06,17.4P 3.4R 4.0A 0.5S 2.6TO · A/T 1.54 · 3P 36.2% · FT 81.7% · 2.3×3P · 50G,50경기 · A/T 1.54 부진 · 빅맨 캣 전무,0.009,-0.17
D'Angelo Russell,MEM,G,1,3,8,6,True,False,,AST1 A/T2 TOV1,45.1,22.9,blend,True,11.6,-5.494,2.6,0.3,4.7,0.8,0.3,1.9,0.104,0.396,10.2,1.7,5.4,0.306,0.787,2.4,2.45,0.072,4.0A 1.9TO · A/T 2.11,FG% 악화 · TOV,0.011,-0.168
Collin Sexton,LAL,G,1,3,10,8,True,False,dart,FT%2 3P%2,66.1,25.3,blend,True,16.5,-0.583,2.5,0.8,3.6,0.9,0.1,2.3,-0.249,0.483,12,1.6,4.2,0.403,0.859,3.9,1.62,-0.07,15.4P 2.3R 3.3A 1.1S 2.1TO · FG 48.5% · 3P 40.1% · FT 85.5% · 1.6×3P · 68G,어시스트·수비 스탯 미미,0.002,-0.178
Josh Okogie,UTA,G/F,1,3,2,0,True,False,dart,TOV3 3P%1,68.3,16.9,blend,True,5.2,-11.966,2.7,1,0.9,0.9,0.3,0.6,1.428,0.43,4.2,0.8,2.2,0.376,0.631,1.2,1.52,-0.026,스틸 리그 top-25 밖 (검증),"STL 0.9 — 실측 153명 중 75위, 엘리트 아님",0,-0.179
Toumani Camara,POR,F,8,14,14,3,True,False,,3PM2 STL2 OREB1 3P%1 TOV1,80.4,33.1,blend,True,12.6,-4.544,5.4,1.8,2.4,1.3,0.5,1.6,0.359,0.447,10.2,2.3,6.2,0.372,0.713,1.7,1.45,-0.078,13.1P 5.4R 2.6A 1.0S 2.6×3P,3PT% 미확인 · STL 1.0은 리그 상위권 아님,0.038,-0.141
Tari Eason,HOU,F,8,14,10,-1,True,False,,STL2 OREB2 REB1 TOV1,58.8,25.5,blend,True,11.1,-6.047,6.3,2.1,1.5,1.4,0.7,1.3,0.72,0.444,9.7,1.4,3.9,0.352,0.77,1.4,1.17,-0.095,스틸·OREB 리그 top-25 밖 (검증),혼합 GP 58.8 · 3PM·FT% 약점 · 휴스턴 로테이션 경합 · STL 엘리트 아님 — 매수 태그 철회,0.079,-0.1
Zaccharie Risacher,DAL,G/F,4,10,4,-3,True,False,,TOV2,70.4,23.3,blend,True,10.9,-6.247,3.7,1.1,1.1,0.8,0.5,1,0.976,0.456,9,1.5,4.2,0.362,0.673,1.6,1.11,-0.083,9.6P 3.8R 1.1A 0.9S 0.5B · 3P 36.8% · FT 64.4% · 1.4×3P · 67G · 22분,FT% 64.4% 심각 — 코어 후보에서 제외됨,0.002,-0.177
Shaedon Sharpe,POR,G,4,10,9,2,True,False,,PTS1 3PM1 STL1,60.8,30.3,blend,True,19.7,2.545,4.4,1,2.7,1.2,0.1,2.5,-0.504,0.452,16.4,2.1,6.3,0.324,0.786,3.7,1.08,-0.185,20.8P 4.3R 2.6A 1.4S 2.9TO · A/T 0.90 · 3P 33.7% · FT 78.7% · 2.1×3P · 50G,A/T 0.90 최악 · 50경기 · 포틀랜드 가드 6명 경합(Morant·Lillard·Holiday),0.013,-0.166
Scoot Henderson,POR,G,1,3,3,1,True,False,,AST1 3PM1,51.4,26,blend,True,13.3,-3.821,2.9,0.7,4.5,1,0.2,2.6,-0.574,0.419,10.8,1.7,4.9,0.353,0.797,3.2,1.76,-0.05,14.2P 2.7R 3.7A 0.9S 2.4TO · A/T 1.54 · FG 41.8% · 3P 35.2% · FT 84.0% · 30G,30경기 · FG% 41.8% 악재 · 포틀랜드에 Morant·Lillard·Holiday 합류로 역할 소멸 위험,0.01,-0.169
Isaiah Hartenstein,OKC,C,8,14,12,1,True,False,,REB3 FG%3 DD1 OREB3 BLK2 TOV1 A/T1,51.5,25.9,blend,True,10.1,-7.035,10,3.1,3.6,0.9,0.9,1.7,0.304,0.604,7.2,0,0.2,0,0.639,2.2,2.14,0.02,OREB 리그 top-25 밖 (검증),47경기 · FT% 61.0%는 능동적 손실 · 3PM 0,0.306,0.127
John Collins,DET,F/C,4,10,10,3,True,False,buy,FG%2 BLK1 OREB1 3P%2 TOV1 REB1,60.9,28,blend,True,15.1,-2.023,6.1,1.8,1.3,0.9,0.8,1.7,0.27,0.545,10.6,1.4,3.3,0.404,0.789,2.7,0.74,-0.187,"3PT% 40.6%(리그 24위, 1.3×3P) · OREB top-25 밖",3PT%·OREB 모두 엘리트 아님 — 가치는 FG%·REB·BLK·DD에서 나옴,0.088,-0.091
Kristaps Porziņģis,GSW,F/C,7,13,7,-3,True,False,,3PM2 FT%1 PTS1 REB2 BLK3 OREB1 TOV1 3P%2,36.7,26.2,blend,False,18,0.878,5.9,1.4,2.3,0.6,1.3,1.3,0.704,0.463,12.8,2.1,5.5,0.372,0.827,4.8,1.78,-0.025,블록 리그 top-25 밖 (검증),2025-26 32경기(2024-25 42경기 사용) · 만성 결장 · 출장이 최대 리스크 · BLK 엘리트 오분류 정정,0.084,-0.095
Draymond Green,GSW,F/C,3,9,9,3,True,False,dart,AST2 A/T1 STL1 BLK1,68.0,28.2,blend,True,8.6,-8.489,5.7,0.9,5.5,1.1,0.8,2.7,-0.656,0.42,7.3,1.4,4.2,0.326,0.696,1.6,2.08,0.017,5.5A 2.7TO · A/T 2.04 · 스틸·블록 리그 top-25 밖,STL 엘리트 아님 · A/T도 평범,0.056,-0.123
Bobby Portis,MIA,F/C,1,3,11,9,True,False,buy,3P%3 REB2 TOV2 3PM1,61.1,24.6,blend,True,13.8,-3.363,7.1,1.5,1.8,0.6,0.3,1.1,0.939,0.481,11.5,1.8,4.1,0.426,0.749,1.2,1.66,-0.033,3PT% 45.6% — 리그 2위 (2.0×3P / 4.4×3PA),OREB 엘리트 아님 · 벤치 롤,0.157,-0.022
Moritz Wagner,BKN,C,1,3,5,3,True,False,dart,FG%2 PTS2 OREB1,33.9,14.4,blend,False,9,-8.086,3.8,1,1,0.5,0.2,0.9,1.111,0.475,6.4,0.7,2.1,0.33,0.783,2.6,1.14,-0.071,OREB 리그 top-25 밖,OREB 엘리트 아님,0.002,-0.177
DeAndre Jordan,NOP,C,1,3,2,0,True,False,dart,FG%2 OREB1 TOV3,45.3,13.3,blend,True,3.9,-13.258,5.4,1.7,0.9,0.3,0.6,0.7,1.28,0.651,2.5,0,0,,0.477,1.2,1.24,-0.051,OREB 리그 top-25 밖 (검증),OREB 엘리트 아님 · 출장 매우 적음,0.002,-0.178
Jaxson Hayes,UTA,C,1,3,4,2,True,False,dart,FG%3 BLK2 TOV3 3P%1,62.4,18.7,blend,True,7.2,-9.882,4.4,1.5,0.9,0.5,0.8,0.6,1.396,0.744,4,0,0,0.639,0.642,2.1,1.54,-0.026,OREB·BLK 리그 top-25 밖,OREB 엘리트 아님,0.004,-0.176
Thomas Bryant,CLE,C,1,3,2,0,True,False,dart,FG%1 TOV3 FT%1,62.5,13.2,blend,True,6.3,-10.802,3.6,1.1,0.7,0.3,0.5,0.5,1.504,0.507,4.7,0.8,2.2,0.344,0.827,1.1,1.37,-0.03,OREB 리그 top-25 밖,Allen·Mobley 뒤,0,-0.179
Larry Nance Jr.,IND,F/C,1,3,3,1,True,False,dart,FG%2 STL1 OREB1,31.5,14.8,blend,False,5.2,-11.923,3.2,0.9,1.2,0.7,0.3,0.6,1.373,0.449,4.4,0.9,2.2,0.369,0.534,0.4,1.88,-0.007,OREB·STL 리그 top-25 밖,Zubac 뒤 백업,0,-0.179
Paul George,BOS,F,6,12,8,-1,True,False,,STL3 3PM1 AST1 FT%1,38.7,31.5,blend,False,16.8,-0.296,5.3,0.5,3.9,1.7,0.4,2.1,-0.078,0.435,13.9,2.5,6.7,0.378,0.818,2.7,1.87,-0.022,17.3P 5.3R 3.6A 1.7S 1.7TO · A/T 2.12 · 3P 39.2% · FT 82.0% · 2.7×3P · 37G,37경기 — 레이트는 좋지만 출장이 치명적,0.046,-0.133
Brandon Ingram,LAC,F,11,17,20,6,True,False,,PTS2 FT%1 3P%1 3PM1,69.0,33.7,blend,True,21.6,4.466,5.6,0.8,3.9,0.8,0.7,2.6,-0.585,0.475,16.9,1.9,4.8,0.381,0.825,4.4,1.51,-0.101,21.5P (리그 22위),3PT% 약점 · GP 리스크,0.067,-0.112
Tobias Harris,SAS,F,1,3,8,6,True,False,,FT%2 A/T1 TOV2,67.4,29.4,blend,True,13.5,-3.654,5.4,0.9,2.4,0.9,0.6,1.1,0.917,0.472,10.7,1.3,3.5,0.358,0.864,2.4,2.18,0.018,13.3P 5.1R 2.5A 0.9S 0.4B 1.0TO · A/T 2.50 · FG 46.9% · 3P 36.8% · FT 86.6% · 63G,FT% 86.6%지만 시도량이 중간 — 레버리지 제한적,0.044,-0.135
Jerami Grant,MEM,F,1,3,10,8,True,False,dart,3PM2 3P%1 FT%1 BLK1 TOV1,53.5,30.7,blend,True,17.1,-0.018,3.5,0.9,2.1,0.8,0.7,1.9,0.152,0.425,12.6,2.4,6.2,0.381,0.826,4.9,1.13,-0.135,18.6P 3.5R 2.1A 0.7S 0.6B 2.1TO · 3P 38.9% · FT 81.4% · 2.4×3P · 57G,57경기 · 어시스트 2.1로 A/T 마이너스,0.002,-0.178
Santi Aldama,DAL,F/C,1,3,5,3,True,False,dart,REB1 TOV1 OREB1 A/T1 3PM1,54.0,26.7,blend,True,13.2,-3.882,6.5,1.5,2.9,0.8,0.5,1.2,0.805,0.481,10.5,1.7,4.9,0.359,0.679,2,2.42,0.045,블록 리그 top-25 밖,출장 변동,0.111,-0.068
Ja Morant,POR,G,32,40,17,-19,False,False,,AST3 PTS2 FT%2 DD2 STL2 3PM1,38.8,29.7,blend,False,21.8,4.684,3.8,0.6,7.6,1.1,0.2,3.7,-1.658,0.438,17.2,1.5,5.2,0.281,0.851,6.2,2.08,0.02,8.1A 3.6TO · A/T 2.27,GP 리스크 상습 · FG%·3PT% 약점,0.249,0.069
Miles Bridges,PHX,F,4,10,12,5,True,False,,A/T1 FT%2 3PM1 TOV1 PTS1 REB1,72.4,31.2,blend,True,18.2,1.112,6.4,1,3.4,0.6,0.5,1.6,0.355,0.45,14.7,2,6.2,0.326,0.839,3.5,2.09,0.013,17.1P 5.8R 3.2A 0.6S 1.4TO · A/T 2.29 · 3P 33.3% · FT 82.2% · 1.9×3P · 77G,3PT% 악재 · OREB·BLK·DD 기여 없음,0.122,-0.057
James Harden,CLE,G,31,39,34,-1,True,False,,AST3 3PM3 FT%3 PTS2 STL2 DD1 A/T1 3P%1,73.9,35,blend,True,23.3,6.128,5.2,0.6,8.3,1.3,0.5,3.8,-1.839,0.424,16.2,3.1,8.3,0.365,0.88,7.4,2.16,0.044,23.6P 8.0A 3.5TO · A/T 2.29 · FT% 88.4% · DD 20 · 70G,TOV 높고 A/T 평범 · 나이 · Donovan Mitchell과 볼 공유,0.365,0.186
Darius Garland,LAC,G,22,30,24,-2,True,False,,PTS1 AST3 A/T2 3PM2 3P%2 FT%2 STL1,60.8,30.3,blend,True,19.7,2.619,2.7,0.5,6.7,1.1,0.1,2.7,-0.685,0.466,15.3,2.8,7,0.399,0.87,3.1,2.49,0.104,18.8P 2.4R 6.7A 1.0S 2.9TO · A/T 2.31 · 3P 39.6% · FT 86.1% · 2.7×3P · 45G,45경기만 출장 — 벤치 2칸 리그에서 큰 리스크 · 빅맨 캣 전무,0.142,-0.037
Bennedict Mathurin,LAC,G/F,10,16,20,7,True,False,,FT%2,62.5,29.9,blend,True,16.9,-0.235,5.4,1.1,2.2,0.8,0.2,2.1,-0.055,0.443,12.2,1.4,4.2,0.327,0.851,5.4,1.05,-0.162,21.5P · FT% 86.9%(리그 24위),OREB·DD·A/T 기여 0,0.046,-0.133
Isaiah Jackson,LAC,C,1,3,3,1,True,False,dart,OREB2 FG%2 BLK2 TOV2,52.1,16.5,blend,True,6.7,-10.412,5.3,2.1,0.9,0.7,0.9,1.1,0.91,0.635,4.3,0,0.1,0,0.639,2,0.83,-0.116,블록·OREB 리그 top-25 밖 (검증),제가 BLK 엘리트로 오분류 · 출장 매우 적음,0.012,-0.167
Paolo Banchero,ORL,F/C,24,30,22,-5,False,False,,PTS2 REB2 DD1 AST2,64.2,34.7,blend,True,23.3,6.177,8.1,1.2,5.1,0.7,0.6,3.1,-1.066,0.457,17.1,1.4,4.4,0.309,0.761,8.3,1.65,-0.081,22.2P(리그 19위) 8.5R 5.0A · DD 26 · 72G,OREB·BLK 기여 낮음,0.342,0.163
T.J. McConnell,IND,G,1,3,14,12,True,False,dart,A/T3 TOV1 AST1 FG%2 STL1 FT%1,67.1,17.5,blend,True,9.3,-7.874,2.3,0.5,4.8,1,0.2,1.2,0.759,0.529,8,0.3,0.8,0.313,0.803,0.7,3.82,0.202,5.1A 1.1TO · A/T 4.64 — 4+어시스트 그룹 리그 1위,Hali·Nembhard 뒤 3번째 가드 — 출장 리스크가 유일한 감점,0.009,-0.17
De'Aaron Fox,SAS,G,22,30,24,-2,True,False,,AST2 A/T2 STL2 PTS2 3PM1,68.4,32.9,blend,True,20.4,3.258,4.2,0.7,6.2,1.3,0.3,2.5,-0.478,0.478,16.1,1.8,5.7,0.324,0.784,4,2.51,0.102,6.2A 2.3TO · A/T 2.70(4+AST 그룹 상위),3PT% 약점 · GP 이력,0.108,-0.071
Jimmy Butler III,GSW,F,12,20,14,-2,True,True,,STL3 A/T3 FT%3 PTS1 TOV1 OREB2 AST2 FG%1,46.3,31.4,blend,True,18.8,1.644,5.5,2.3,5.1,1.4,0.2,1.5,0.551,0.512,11.6,0.7,2.1,0.343,0.853,7.4,3.54,0.196,4.9A 1.6TO · A/T 3.06,"🚑 장기 부상 제외 — ACL 파열, 복귀 12월 이후 불확실. 드래프트 직전 일정이 앞당겨지면 수동 해제",0.085,-0.094
Cam Spencer,MEM,G,1,3,6,4,True,False,dart,3P%3 FT%2 A/T3 TOV2 AST1 3PM1,63.2,21.2,blend,True,9.8,-7.326,2.3,0.6,4.8,0.6,0.2,1.1,0.911,0.462,6.9,1.8,4,0.433,0.951,1.7,4.4,0.237,"3PT% 44.9%(리그 3위, 2.0×3P) · FT% 94.0%(리그 1위) · A/T 4.3",A/T·FT% 모두 볼륨 미확보 — 비율만 높음 · 출장 변동,0.011,-0.168
Sam Merrill,CLE,G,1,3,8,6,True,False,buy,3P%2 3PM2 TOV3 FT%1 A/T2,61.1,23.3,blend,True,10.1,-6.997,2.4,0.5,2,0.6,0.1,0.7,1.347,0.435,7.7,2.5,6.2,0.398,0.908,0.9,3,0.062,3PT% 42.1%(리그 11위) · 3.0×3P / 7.2×3PA,,0,-0.179
AJ Green,MIL,G,1,3,11,9,True,False,buy,3P%3 3PM2 TOV2 FT%1 A/T1,76.1,26.6,blend,True,9.2,-7.881,2.6,0.3,1.7,0.5,0.1,0.8,1.196,0.426,7.1,2.7,6.3,0.422,0.84,0.6,2.16,0.012,3PT% 41.9%(리그 12위) · 3.0×3P / 7.1×3PA,,0,-0.179
Duncan Robinson,DET,G/F,1,3,9,7,True,False,dart,3P%3 3PM2 TOV2 A/T1 FT%1,75.8,26.1,blend,True,11.7,-5.397,2.5,0.3,2.2,0.6,0.2,0.9,1.109,0.449,9.1,2.8,6.8,0.403,0.806,1.1,2.48,0.039,3PT% 41.0%(리그 18위) · 2.9×3P / 7.0×3PA,디트로이트 주전 예상(2025-26 건강한 77경기 전 경기 선발) · Isaiah Joe 합류로 3PT 경합,0,-0.179
Miles McBride,NYK,G,1,3,9,7,True,False,dart,3P%2 3PM1 TOV3 A/T2 FT%1,52.7,25.6,blend,True,10.7,-6.404,2.5,0.7,2.8,1,0.3,0.7,1.306,0.414,9.2,2.2,5.7,0.391,0.8,1,3.94,0.127,3PT% 41.3%(리그 15위) · 2.7×3P / 6.6×3PA,,0,-0.179
Royce O'Neale,CHA,F,1,3,8,6,True,False,dart,3P%3 3PM2 TOV2 A/T1,76.8,26.9,blend,True,9.5,-7.602,4.8,0.8,2.5,1,0.4,1.1,0.86,0.422,7.8,2.6,6.4,0.407,0.719,0.4,2.19,0.019,3PT% 40.8%(리그 22위) · 2.7×3P / 6.7×3PA,,0.012,-0.167
Rui Hachimura,LAC,F,1,3,4,2,True,False,dart,3P%3 FG%1 TOV3 3PM1,64.7,29.5,blend,True,12.1,-5.042,3.9,0.9,1,0.7,0.3,0.7,1.331,0.512,9.2,1.7,4,0.432,0.722,1.4,1.51,-0.031,3PT% 44.3%(리그 5위) · 1.7×3P,저볼륨 — 변동성 큼,0.004,-0.176
Jaylon Tyson,CLE,G/F,1,3,5,3,True,False,dart,3P%2 TOV1 OREB1,59.9,21.3,blend,True,10.1,-7.019,4.1,1.5,1.8,0.6,0.3,1.2,0.794,0.473,7.9,1.5,3.4,0.413,0.755,1.2,1.47,-0.057,3PT% 44.6%(리그 4위) · 2.0×3P,,0.004,-0.175
Ryan Rollins,MIL,G,2,8,9,4,True,False,dart,3P%2 STL2 3PM1 A/T1 AST1,68.0,26.2,blend,True,13.6,-3.551,3.7,0.6,4.4,1.3,0.4,2.1,-0.092,0.477,10.8,2,4.8,0.407,0.797,1.7,2.08,0.014,"3PT% 40.6%(리그 25위, 2.5×3P) · STL 1.5(리그 13위)",,0.01,-0.17
Andrew Wiggins,MIA,G/F,1,3,6,4,True,False,dart,3P%2 BLK2 TOV1 OREB1 3PM1 STL1,65.0,30.4,blend,True,16.4,-0.766,4.7,1.6,2.7,1.1,0.9,1.6,0.43,0.465,12.8,2.1,5.2,0.399,0.776,3.1,1.69,-0.042,"3PT% 41.4%(리그 13위, 2.0×3P) · BLK 1.0(리그 23위)",3PT% 레버리지 하위 — 엘리트 가중치 철회,0.019,-0.16
Jaden McDaniels,MIN,F,2,8,10,5,True,False,,3P%1 BLK2 STL2 FT%1 FG%1 TOV1,76.9,31.8,blend,True,13.7,-3.442,4.8,1.3,2.4,1.2,1,1.5,0.461,0.499,10.7,1.3,3.5,0.377,0.826,2.1,1.56,-0.059,3PT% 41.2%(리그 17위) · BLK 1.0(리그 25위),,0.021,-0.158
Josh Hart,NYK,G/F,1,7,9,5,True,False,,3P%1 REB2 AST2 STL2 FG%1 A/T2 OREB1 TOV1 DD1,70.8,33.4,blend,True,12.7,-4.429,8.4,1.7,5.3,1.3,0.3,2,0.017,0.515,9.4,1.3,3.5,0.378,0.745,2.2,2.66,0.109,"3PT% 41.3%(리그 16위, 1.5×3P)",3PT% 레버리지 하위 — 엘리트 가중치 철회,0.284,0.105
Onyeka Okongwu,ATL,F/C,2,8,10,5,True,False,,BLK2 REB2 OREB2 TOV1 FG%2 DD1,74.0,29.8,blend,True,14.5,-2.649,8.1,2.3,2.8,1,1,1.5,0.504,0.515,10.6,1.4,3.9,0.355,0.758,2.8,1.85,-0.019,BLK 1.1(리그 22위),OREB top-25 밖 · ⚠ 드래프트 당일 야후 F(PF) 자격 확인 — c2 선발이 여기 걸린다,0.267,0.088
Brook Lopez,LAC,C,1,3,6,4,True,False,dart,BLK3 TOV2 3P%1,77.1,26,blend,True,10.4,-6.759,4.2,0.9,1.5,0.6,1.5,0.9,1.079,0.462,8.2,1.6,4.4,0.365,0.786,1.3,1.63,-0.031,BLK 1.2(리그 17위),리바운드 매우 낮음,0.005,-0.174
Adem Bona,PHI,C,1,3,3,1,True,False,dart,BLK2 FG%2 TOV2 OREB1,66.4,16.8,blend,True,5.2,-11.976,4.3,1.7,0.5,0.4,1.2,0.9,1.098,0.633,3.2,0,0.1,0.216,0.695,1.6,0.55,-0.12,BLK 1.2(리그 18위),,0.001,-0.178
VJ Edgecombe,PHI,G,2,8,9,4,True,False,,STL3 OREB1 3PM1 FT%1 TOV1 A/T2 AST1,75.0,35,blend,True,16,-1.129,5.6,1.6,4.2,1.4,0.5,1.8,0.204,0.438,13.7,2,5.6,0.354,0.818,2.4,2.33,0.051,STL 1.4(리그 17위),루키 시즌 이후 역할 변동,0.063,-0.116
Anthony Black,ORL,G,1,3,7,5,True,False,dart,STL2 TOV1,70.3,27.3,blend,True,12.5,-4.639,3.4,0.7,3.4,1.3,0.7,2,0.039,0.436,10.2,1.2,3.7,0.326,0.745,3.1,1.75,-0.042,STL 1.4(리그 19위),,0.002,-0.178
Dru Smith,MIA,G,1,3,3,1,True,False,dart,STL3 TOV2 FT%1 A/T2,63.4,16.6,blend,True,5.7,-11.458,2.5,0.9,2.5,1.4,0.3,0.8,1.157,0.426,4.6,0.6,1.8,0.323,0.82,1.4,2.93,0.073,STL 1.4(리그 16위),출장 매우 적음,0,-0.179
Precious Achiuwa,SAC,F/C,1,3,4,2,True,False,dart,OREB2 REB1 FG%1 TOV2 BLK1,67.5,22.7,blend,True,8.9,-8.227,6.3,2.2,1.3,0.9,0.7,0.9,1.138,0.519,7.3,0.3,1.1,0.278,0.568,1.7,1.46,-0.043,OREB 2.4(리그 21위),,0.056,-0.123
Jock Landale,UTA,C,1,3,4,2,True,False,dart,OREB2 FG%1 TOV3 3P%1,60.4,19.1,blend,True,8.9,-8.22,5,2.3,1.5,0.4,0.4,0.8,1.221,0.52,6.8,0.9,2.2,0.395,0.647,1.6,1.87,-0.009,OREB 2.7(리그 16위),출장 변동,0.015,-0.164
Zion Williamson,NOP,F,11,17,16,2,True,False,,PTS2 FG%3 OREB2 REB1 STL1,54.2,29.4,blend,True,21.9,4.749,6.1,2.1,3.7,1,0.6,2.2,-0.24,0.592,14,0,0.2,0.245,0.701,7.6,1.65,-0.063,21.0P (리그 25위),GP 리스크 최상급 · FT%·3점 약점,0.1,-0.079
Max Christie,DAL,G,1,3,3,1,True,False,dart,FT%2 3PM1 TOV2 3P%2,77.4,28.4,blend,True,11.2,-5.917,3.2,0.3,2,0.7,0.4,1.2,0.844,0.435,8.7,2,5.1,0.389,0.881,1.8,1.69,-0.032,FT% 89.9%(리그 7위),FT% 시도량 미미 — 팀 FT%를 거의 움직이지 못함,0.001,-0.179
Ajay Mitchell,OKC,G,1,3,3,1,True,False,dart,FT%1 TOV1 A/T2 FG%1 STL1,50.8,23.1,blend,True,11.5,-5.632,2.9,0.6,3.1,1.1,0.2,1.2,0.782,0.488,8.8,1,2.7,0.358,0.858,2.3,2.51,0.055,FT% 87.0%(리그 23위),FT% 시도량 미미 — 팀 FT%를 거의 움직이지 못함,0,-0.179
DeMar DeRozan,DEN,G/F,4,12,16,8,True,False,buy,A/T3 TOV1 FT%3 FG%1 PTS1 AST1,77.0,33.1,blend,True,19.9,2.791,3.3,0.5,4.2,0.9,0.3,1.3,0.724,0.489,14.7,0.8,2.5,0.323,0.864,5.6,3.3,0.147,4.1A 1.2TO · A/T 3.42 (4+APG 그룹 3위) · FT% 86.8%(리그 25위),나이 37 · 덴버 1년 $3.9M(벤치 계약 · THJ 빈 자리) · Jokić가 어시스트를 독점 → A/T **볼륨 지분** 하락 위험 · 26분 가정 시 한계기여 80% — **측정이 아니라 판단**(2026-27 역할 데이터 없음),0.008,-0.171
Damian Lillard,POR,G,14,22,14,-4,True,False,,3PM3 FT%3 AST3 PTS3 A/T2 STL2 3P%2 DD1,58.0,36.1,blend,True,24.9,7.771,4.7,0.5,7.1,1.2,0.2,2.8,-0.796,0.448,17.1,3.4,9,0.376,0.921,6.8,2.54,0.117,"2025-26 전체 결장(아킬레스, 밀워키 플레이오프 부상) · 2024-25 수치 미확보",아킬레스 복귀 · 실측 없음 · 포틀랜드 가드 6명 경합 — 최대가는 추정 · ⚠ 가중치 근거가 2024-25(58경기) — 2025-26 전체 결장,0.209,0.03
Zach LaVine,SAC,G,9,15,12,0,True,False,,PTS2 3PM2 FT%2 3P%3 FG%1,58.5,33.5,blend,True,21.5,4.361,3.6,0.3,3.4,0.8,0.2,2.4,-0.398,0.497,15.4,2.9,6.9,0.421,0.849,3.8,1.4,-0.116,FT% 88.0%(리그 16위) — 그 외 실측 미확보,실측 FT%만 확보 · 데드라인 트레이드 리스크 · 빅맨 캣 전무,0.003,-0.176
Cameron Johnson,DEN,F,4,10,10,3,True,False,,3P%3 3PM2 TOV1 FT%2 A/T1,55.2,31,blend,True,14.9,-2.203,4,0.8,2.8,0.8,0.4,1.2,0.774,0.478,10.6,2.3,5.7,0.413,0.861,2.8,2.29,0.031,3PT% 43.0%(리그 8위) · 2.0×3P / 4.7×3PA,덴버 2nd apron 이슈로 트레이드 가능성 언급,0.005,-0.174
Jrue Holiday,POR,G,1,7,6,2,True,False,,AST2 A/T2 3PM1 3P%1 FT%1,56.9,29.9,blend,True,14,-3.107,4.5,1.3,5.1,1,0.2,2.1,-0.095,0.448,11.6,2.2,6,0.367,0.869,1.6,2.45,0.078,6.1A 2.8TO · A/T 2.18 (4+APG 그룹 중위),포틀랜드 가드 6명 경합,0.038,-0.141
Dejounte Murray,NOP,G,4,10,3,-4,False,False,,AST3 PTS2 STL2,24.1,30.7,blend,False,17.2,0.048,6.1,0.4,7,1.8,0.3,3.4,-1.396,0.43,14.7,1.6,5.1,0.302,0.841,3.7,2.06,0.015,6.4A 3.4TO · A/T 1.88 (4+APG 그룹 하위),A/T 하위 · 부상 이력,0.24,0.061
Jusuf Nurkic,UTA,C,1,3,5,3,True,False,,REB3 FG%1 OREB2 STL1 DD1,45.5,23.9,blend,True,10,-7.135,9.2,2.2,3.7,1.1,0.6,2.2,-0.224,0.491,7.9,0.6,1.9,0.331,0.601,2.7,1.65,-0.065,4.8A 2.5TO · A/T 1.92 — 빅맨 중 어시스트 상위,A/T 소폭 마이너스 · 유타 C 로테이션 혼잡 · OREB 엘리트 아님,0.254,0.074
Kevin Porter Jr.,MIL,G,1,3,4,2,True,False,dart,STL3 AST2 FT%1 A/T2,59.0,25.6,blend,True,13.4,-3.763,4.3,0.7,5.1,1.6,0.3,2.3,-0.271,0.456,10.8,0.9,3,0.316,0.816,3.1,2.25,0.047,FT% 87.8%(리그 18위) — 그 외 실측 미확보,실측 FT%만 확보 · 벤치 롤,0.034,-0.145
Bub Carrington,WAS,G,1,3,5,3,True,False,dart,3P%1 3PM1 AST1 A/T1,82.0,28.6,blend,True,10.3,-6.789,3.7,0.4,4.5,0.6,0.2,2.1,-0.056,0.415,9,1.9,5,0.38,0.763,1.2,2.19,0.033,3PT% 40.8%(리그 21위) · 2.1×3P / 5.0×3PA,워싱턴 사용률 혼잡(Trae Young 뒤 백업 PG 전망),0.009,-0.17
Svi Mykhailiuk,UTA,G/F,1,3,3,1,True,False,dart,3P%2 3PM1 TOV2 FT%1,46.0,22.1,blend,True,9.2,-7.93,2.5,0.7,1.9,0.5,0.1,1,1.002,0.449,7.4,1.9,5,0.387,0.862,0.7,1.93,-0.006,3PT% 40.8%(리그 20위) · 2.0×3P / 4.8×3PA,유타 벤치 · 저볼륨,0,-0.179
Ja'Kobe Walter,TOR,G,1,3,3,1,True,False,dart,3P%1 TOV3,65.5,20.7,blend,True,7.9,-9.271,2.8,0.9,1.3,0.9,0.2,0.7,1.342,0.433,6.2,1.4,3.7,0.39,0.791,1.4,2.01,0.0,3PT% 40.9%(리그 19위) · 1.5×3P / 3.7×3PA — 저볼륨,저볼륨 (2024-25 신인 52경기 8.6P · 21.2MPG),0,-0.179
Russell Westbrook,—,G,1,3,4,2,False,True,,AST2 STL2 3PM1,68.8,28.5,blend,True,14.4,-2.762,5.2,1.3,6.4,1.3,0.3,3.3,-1.252,0.437,12.2,1.7,5,0.331,0.679,3,1.98,-0.006,6.7A 3.3TO · A/T 2.03 (4+APG 그룹 하위),🚫 은퇴 — 2026 오프시즌 은퇴. 킹스·위저즈 제안을 거절하고 19번째 시즌을 뛰지 않는다. 드래프트 대상이 아니다,0.131,-0.048
